Location,Specialty,Provider
ABERDEEN FAMILY PHYSICIANS,FM,Biegler Lyle W MD
ABERDEEN FAMILY PHYSICIANS,FM,Bock Jeffrey S  MD
ABERDEEN FAMILY PHYSICIANS,FM,Jundt Kim  MD
ABERDEEN FAMILY PHYSICIANS,FM,Jundt Kim W MD
ABERDEEN FAMILY PHYSICIANS,FM,Knapp Michael J DO
ABERDEEN FAMILY PHYSICIANS,FM,Mogen Mark MD
ABERDEEN FAMILY PHYSICIANS,FM,Pietz Russell C MD
ABERDEEN FAMILY PHYSICIANS,FM,Wachs David MD
ABERDEEN INTERNAL MEDICINE,IM,Adams John A MD
ABERDEEN PLASTIC SURGERY ASSOC,PLASSURG,Mukerji Sanjay MD
ABERDEEN PSYCHIATRY,PSYC,Davenport Brenda CNP
ABERDEEN PSYCHIATRY,PSYC,Khan Navaid A  MD
ABERDEEN PSYCHIATRY,PSYC,Meza Eduardo E  MD
AMG BEHAVIORAL HEALTH YANKTON,PSYC,Curran Sr Mary C PHD  ABPP
AMG BEHVIORAL HEALTH YANKTON,PSYC,Vlach David L MD
AMG COMPREHENSIVE BREAST SURG,GENSUR,Dosch Wade E MD
AMG COMPREHENSIVE BREAST SURG,GENSUR,Merrigan Tricia L MD
AMG COMPREHENSIVE BREAST SURG,GENSUR,Reiland Juliann MD  FACS
AMG COMPREHENSIVE BREAST SURG,GENSUR,Strand David A MD  FACS
AMG COMPREHENSIVE BREAST SURG,NP,Petermann Grace
AMG COMPREHENSIVE BREAST SURG,NP,Petermann T Grace
AMG COMPREHENSIVE BREAST SURG,PSYCCLINIC,York Kayla A CGC
AMG DERMATOLOGY SIOUX FALLS,DERM,Dewing Kimberly D PA-C
AMG DERMATOLOGY SIOUX FALLS,DERM,Flynn Valerie E MD
AMG DERMATOLOGY SIOUX FALLS,DERM,Furth Heidi M CNP
AMG DERMATOLOGY SIOUX FALLS,DERM,Johnson Jana B MD
AMG DERMATOLOGY SIOUX FALLS,DERM,Knutson Brian D MD
AMG DERMATOLOGY SIOUX FALLS,DERM,Nelson Delbert R MD
AMG DERMATOLOGY SIOUX FALLS,DERM,Nelson Jenny L MD
AMG DERMATOLOGY SIOUX FALLS,DERM,VandenBosch Sarah PA-C
AMG DERMATOLOGY SIOUX FALLS,DERM,Wanna Michelle R MD
AMG DERMATOLOGY SIOUX FALLS,FM,Turner Michelle A MD
AMG EAR  NOSE & THROAT YANKTON,ENT,Liudahl Jeffrey J MD
AMG EAR  NOSE & THROAT YANKTON,ENT,Neugebauer Kendra A Au.D
AMG EAR  NOSE & THROAT YANKTON,ENT,Rumsey Matthew D Au.D
AMG EAR  NOSE & THROAT YANKTON,ENT,Wagner David V MD
AMG HEALTH CARE CLINIC,IM,Barker James M MD
AMG HEALTH CARE CLINIC,IM,Chester-Adam Heather K MD
AMG HEALTH CARE CLINIC,IM,Pay Douglas K MD
AMG HEALTH CARE CLINIC,IM,Soundy Elizabeth PA-C
AMG HEALTH CARE CLINIC,IM,Whittle Kevin D MD
AMG HEALTH CARE CLINIC,PSYC,Chester-Adam Heather K MD
AMG HOSPITALISTS YANKTON,HOSPT,Mikkelsen Beth A MD
AMG INT MED DELANEY DEPT/AQOP,IM,Malters Patricia B MD
AMG INT MED DELANEY DEPT/AQOP,IM,Margallo Lucio N II  MD
AMG INTERNAL MEDICINE,IM,Malters David T MD
AMG INTERNAL MEDICINE,IM,Malters Patricia B MD
AMG INTERNAL MEDICINE SF,IM,Aguiling Mark Dean T MD
AMG INTERNAL MEDICINE SF,IM,Barker James M MD
AMG INTERNAL MEDICINE SF,IM,Beckstrand Scott A MD
AMG INTERNAL MEDICINE SF,IM,Beshai Emad F MD
AMG INTERNAL MEDICINE SF,IM,Brummond Alissa J MD
AMG INTERNAL MEDICINE SF,IM,Brummond Neil R MD
AMG INTERNAL MEDICINE SF,IM,Christensen Rhonda M CNP
AMG INTERNAL MEDICINE SF,IM,Gutnik Leonard M MD
AMG INTERNAL MEDICINE SF,IM,Hanson Linda R CNP
AMG INTERNAL MEDICINE SF,IM,Lageson Jean M MD
AMG INTERNAL MEDICINE SF,IM,McNamee Turi A MD
AMG INTERNAL MEDICINE SF,IM,Thomas Melvin W MD
AMG INTERNAL MEDICINE SF,NP,Kaffar Paul R CNP
AMG INTERNAL MEDICINE SF,NP,Noyes Eric M MSN  CNP
AMG INTERNAL MEDICINE SF,NP,Rise Carrie A CNP
AMG INTERNAL MEDICINE SF,NP,Sweeter Kathi K CNP
AMG INTERNAL MEDICINE WOMENS,IM,Dressing Mary C
AMG INTERNAL MEDICINE WOMENS,IM,Lemme Virginia F
AMG INTERNAL MEDICINE WOMENS,IM,Powell Janell K
AMG LIVER DISEASE,HEPAT,Beukelman Kristine L CNP
AMG LIVER DISEASE,HEPAT,Duncan Rhonda J CNP
AMG LIVER DISEASE,HEPAT,Elgouhari Hesham M MD
AMG LIVER DISEASE,HEPAT,Niazi Mumtaz A MD
AMG MATERNAL FETAL MEDICINE,MAFET,Adams Lan L MD
AMG MATERNAL FETAL MEDICINE,MAFET,Backstrom Shannon L CNP
AMG MATERNAL FETAL MEDICINE,MAFET,Berg Molly R CNP
AMG MATERNAL FETAL MEDICINE,MAFET,Heddleston Les N MD
AMG MATERNAL FETAL MEDICINE,MAFET,Hendricks Susan K MD
AMG MATERNAL FETAL MEDICINE,MAFET,Lewis Kerry M MD
AMG MATERNAL FETAL MEDICINE,MAFET,Mattila Nicole MS
AMG MATERNAL FETAL MEDICINE,MAFET,Messer Kali A CGC
AMG MATERNAL FETAL MEDICINE,MAFET,Palmquist Maria K MD
AMG MATERNAL FETAL MEDICINE,MAFET,Picconi Jason L MD
AMG MATERNAL FETAL MEDICINE,MAFET,Roberts Emily A PA
AMG MATERNAL FETAL MEDICINE,MAFET,Robinson Christopher J MD
AMG MATERNAL FETAL MEDICINE,MAFET,Westover Thomas  MD
AMG MATERNAL FETAL MEDICINE,OBGYN,McColgin Sterling W MD
AMG NEONATOLOGY SIOUX FALLS,NEOPERI,Dosado Jose M MD
AMG NEONATOLOGY SIOUX FALLS,NEOPERI,Dutcher Janet CNP
AMG NEONATOLOGY SIOUX FALLS,NEOPERI,Jorgenson Beverly L CNP
AMG NEONATOLOGY SIOUX FALLS,NEOPERI,McMenamy Kandi R MD
AMG NEONATOLOGY SIOUX FALLS,NEOPERI,Sharp Justin J MD
AMG NEONATOLOGY SIOUX FALLS,NEOPERI,Soares Fernando A MD
AMG NEONATOLOGY SIOUX FALLS,NEOPERI,Traugott Craig A MD
AMG NEONATOLOGY SIOUX FALLS,NEOPERI,Wang Katherine MD
AMG NEUROSURGERY ASFAHANI,NEUROSURG,Asfahani Wissam MD
AMG NEUROSURGERY GOENS,FMNP,Goens Kris CNP
AMG NEUROSURGERY KLOPPER,NEUROSURG,Klopper Hendrik B MD
AMG NEUROSURGERY LOCUM,NEUROSURG,Gilhooly Jonathan E MD
AMG NEUROSURGERY LOCUM,NEUROSURG,Monasky Mark S MD
AMG NEUROSURGERY LOCUM,NEUROSURG,Nguyen Tuan V MD
AMG NEUROSURGERY MEEHAN,PASURG,Meehan Phillip E PA-C
AMG NEUROSURGERY PUUMALA,NEUROSURG,Puumala Michael R MD
AMG NEUROSURGERY SHCHUR,FMNP,Shchur Nelli Y CNP
AMG NEUROSURGERY THOMPSON,PHYSMED,Thompson Amy S CNP
AMG NEUROSURGERY TYNAN,NEUROSURG,Tynan Daniel G MD
AMG OB/GYN,NP,Baum Tracy L CNP
AMG OB/GYN,NP,Redmond Traci M CNP
AMG OB/GYN,NP,St. Aubin Amy L CNP
AMG OB/GYN,OBGYN,Barker Matthew A MD  FACOG
AMG OB/GYN,OBGYN,Gaetze Jane MD
AMG OB/GYN,OBGYN,Gildner Kevin P MD
AMG OB/GYN,OBGYN,Heijerman Shelley CNP
AMG OB/GYN,OBGYN,Kallemeyn Brenda K MD
AMG OB/GYN,OBGYN,Kappenman Amanda L MD
AMG OB/GYN,OBGYN,McKay Kimberlee A MD
AMG OB/GYN,OBGYN,Peters Jane M MD
AMG OB/GYN,OBGYN,Salama Amal V DO
AMG OB/GYN,OBGYN,Saloum Amber R MD
AMG OB/GYN,OBGYN,Scott Jodi L MD
AMG OB/GYN,OBGYN,Seger Yvonne B MD
AMG OB/GYN,OBGYN,Siewert Annette L MD
AMG OB/GYN,OBGYN,Thompson Amy S CNP
AMG OB/GYN,OBGYN,Uhing Molly J MD
AMG OB/GYN,OBGYN,Wirtz Patricia S MD
AMG OB/GYN,PA,Hartman Bobbi J PA
AMG OPHTHALMOLOGY MITCHELL,OPHTH,Claussen Jessica MD
AMG PAIN,MULTI SPEC,Fernando Nicholas E PA-C
AMG PAIN MANAGEMENT,MULTI SPEC,Johnson Todd C MD
AMG PAIN MANAGEMENT,MULTI SPEC,Lukken Wade MD
AMG PEDIATRIC SPECIALISTS,FMNP,Johnson Amber J CNP
AMG PEDIATRIC SPECIALISTS,NEURO,Falcao Germano MD
AMG PEDIATRIC SPECIALISTS,PAMED,Deubel Angela L PA-C
AMG PEDIATRIC SPECIALISTS,PEDCARD,Amin Zahid MD
AMG PEDIATRIC SPECIALISTS,PEDCARD,Awadallah Sami MD
AMG PEDIATRIC SPECIALISTS,PEDCARD,Kutayli Farid MD
AMG PEDIATRIC SPECIALISTS,PEDCARD,St Louis James D MD
AMG PEDIATRIC SPECIALISTS,PEDENDO,Gupta Ashutosh MD
AMG PEDIATRIC SPECIALISTS,PEDGAST,Nanton Stephen E MD
AMG PEDIATRIC SPECIALISTS,PEDPULM,Veloira Wilfredo G JR  MD
AMG PEDIATRIC SPECIALISTS,PEDS,Lewis Florence MD
AMG PEDIATRIC SPECIALISTS,PEDSUR,Bufo Anthony J MD
AMG PEDIATRIC SPECIALISTS,PEDSUR,Downing Marc T MD
AMG PEDIATRIC SPECIALISTS,PEDSUR,Fowler Carol L MD
AMG PEDIATRIC SPECIALISTS,PEDSUR,Jona Juda Z MD
AMG PEDS SPECIALISTS CONVERSIO,FMNP,Johnson Amber J CNP
AMG PEDS SPECIALISTS CONVERSIO,NEURO,Falcao Germano MD
AMG PEDS SPECIALISTS CONVERSIO,PAMED,Deubel Angela L PA-C
AMG PEDS SPECIALISTS CONVERSIO,PEDCARD,Amin Zahid MD
AMG PEDS SPECIALISTS CONVERSIO,PEDCARD,Awadallah Sami MD
AMG PEDS SPECIALISTS CONVERSIO,PEDCARD,Kutayli Farid MD
AMG PEDS SPECIALISTS CONVERSIO,PEDENDO,Gupta Ashutosh MD
AMG PEDS SPECIALISTS CONVERSIO,PEDGAST,Nanton Stephen E MD
AMG PEDS SPECIALISTS CONVERSIO,PEDPULM,Veloira Wilfredo G JR  MD
AMG PEDS SPECIALISTS CONVERSIO,PEDSUR,Bufo Anthony J MD
AMG PHYSICAL MEDICINE AND REHA,NP,Schelhaas Teresa A CNP
AMG PHYSICAL MEDICINE AND REHA,PHYSMED,Alvarez-Perez Melissa MD
AMG PHYSICAL MEDICINE AND REHA,PHYSMED,Baum Donald E PhD
AMG PHYSICAL MEDICINE AND REHA,PHYSMED,Ripperda Thomas J MD
AMG PHYSICAL MEDICINE AND REHA,PHYSMED,Santos Jose Ramil O MD
AMG PHYSICAL MEDICINE AND REHA,PHYSMED,Schelhaas Teresa A CNP
AMG PHYSICAL MEDICINE AND REHA,PHYSMED,Shaikh Adil K MD
AMG PHYSICAL MEDICINE AND REHA,PHYSMED,Stone Jonathan D MD
AMG PHYSICAL MEDICINE AND REHA,PHYSMED,Thompson Amy S CNP
AMG PHYSICAL MEDICINE AND REHA,PHYSMED,Tilghman Jarron I MD
AMG PODIATRY YANKTON,PODIATRY,Olsen Benjy L DPM
AMG PODIATRY YANKTON,PODIATRY,Pedersen Terence DPM
AMG PODIATRY YANKTON,PODIATRY,Torness Scott E DPM
AMG PODIATRY YANKTON,PODIATRY,Wiarda Christine DPM
AMG PULMONARY & SLEEP MEDICINE,PULMDIS,Groskreutz Dayna J MD
AMG PULMONARY & SLEEP MEDICINE,PULMDIS,Gupta Amit MD
AMG PULMONARY & SLEEP MEDICINE,PULMDIS,Heeren Birgit M CNP
AMG PULMONARY & SLEEP MEDICINE,PULMDIS,Hericks Anthony J DO
AMG PULMONARY & SLEEP MEDICINE,PULMDIS,Hurley Brian T MD
AMG PULMONARY & SLEEP MEDICINE,PULMDIS,Jamous Fady G MD  FCCP
AMG PULMONARY & SLEEP MEDICINE,PULMDIS,Kawar Eyad S MD
AMG PULMONARY & SLEEP MEDICINE,PULMDIS,Tiangco Noel Dexter L MD
AMG PULMONARY & SLEEP MEDICINE,PULMDIS,Venhuizen Matt Tonya R CNP
AMG RADIATION ONCOLOGY YANKTON,RADONC,Peterson Michael E MD
AMG RADIOLOGY YANKTON,RADIOLOGY,Doebler William C MD
AMG RADIOLOGY YANKTON,RADIOLOGY,Qazi Naila MD
AMG RADIOLOGY YANKTON,RADIOLOGY,Taylor Gregory D MD
AMG RADIOLOGY YANKTON,RADIOLOGY,Tullo Ralph J MD  CPE
AMG TRANSPLANT & LIVER SURGERY,NP,Klemme Rebekka J CNP
AMG TRANSPLANT & LIVER SURGERY,NP,Leiberg Jessica L NP
AMG TRANSPLANT & LIVER SURGERY,TRANSPL,Abdulkarim Ahmad B MD
AMG TRANSPLANT & LIVER SURGERY,TRANSPL,Auvenshine R Christopher DO
AMG TRANSPLANT & LIVER SURGERY,TRANSPL,Beukelman Kristine L CNP
AMG TRANSPLANT & LIVER SURGERY,TRANSPL,Duncan Rhonda J CNP
AMG TRANSPLANT & LIVER SURGERY,TRANSPL,Elgouhari Hesham M MD
AMG TRANSPLANT & LIVER SURGERY,TRANSPL,Khan Tariq N MD
AMG TRANSPLANT & LIVER SURGERY,TRANSPL,Konkimalla Sridevi MD
AMG TRANSPLANT & LIVER SURGERY,TRANSPL,Linatoc Julie Ann T MD
AMG TRANSPLANT & LIVER SURGERY,TRANSPL,Niazi Mumtaz A MD
AMG TRANSPLANT & LIVER SURGERY,TRANSPL,Sahajpal Ajay K MD
AMG TRANSPLANT & LIVER SURGERY,TRANSPL,Santella Robert N MD
AMG TRANSPLANT & LIVER SURGERY,TRANSPL,Santos Arvin L MD
AMG TRANSPLANT & LIVER SURGERY,TRANSPL,Scott Victor L MD
AMG TRANSPLANT & LIVER SURGERY,TRANSPL,Steers Jeffery L MD
AMG TRANSPLANT & LIVER SURGERY,TRANSPL,Syed Junaid A MD
AMG UROGYNECOLOGY,OBGYN,Barker Matthew A MD  FACOG
AMG UROGYNECOLOGY,UROLOGY,Ammann Tabitha M DNP
AMG UROGYNECOLOGY,UROLOGY,Mergen Leah A PA-C
AMG UROGYNECOLOGY,UROLOGY,Te Slaa Kimberly D PA-C
AMG UROLOGY MITCHELL,UROLOGY,Bhat Dileep S MD
AMG WOMENS MIDLIFE CARE SF,FM,Peters Patricia A MD
AMG WOMENS MIDLIFE CARE SF,NP,Loewen Margaret J CNP
AMG WOMENS MIDLIFE CARE SF,NP,Morrell Jessica J CNP
AMG WOMENS MIDLIFE CARE SF,OBGYN,Headrick Elaine G CNP
AMG WOMENS MIDLIFE CARE SF,OBGYN,Headrick Gail CNP
AMG WOMENS MIDWIFERY,CNMW,DeGroot Audra J CNM
AMG WOMENS MIDWIFERY,CNMW,Kaufman Melanie L CNM
AMG WOMENS MIDWIFERY,CNMW,Reiff Vickie L CNM
AMG WOMENS MIDWIFERY,CNMW,VanderStouwe Teresa R CNM
AMG WOMENS MIDWIFERY,CNMW,VanGerpen Lisa A CNM
AMG WORTHINGTON,FM,Schryvers Megan A CNP
AMG WORTHINGTON,FM,Slettum Stacy W CNP
AMG WSC SURGERY CENTER,GENSUR,Farra Firas A MD
AMG WSC SURGERY CENTER,GENSUR,Harris James D MD
AMG WSC SURGERY CENTER,GENSUR,Morrison Connie L MD
AMG WSC SURGERY CENTER,GENSUR,Willems Ryan J PA
AV MED GRP MCGREEVY 69TH & MIN,IM,Dressing Mary C LPC-MH
AV MED GRP MCGREEVY 69TH & MIN,IM,Lemme Virginia F PA-C
AV MED GRP MCGREEVY 69TH & MIN,IM,Powell Janell K MD
AVERA ABERDEEN FAMILY PHYSICIA,FM,Biegler Lyle W MD
AVERA ABERDEEN FAMILY PHYSICIA,FM,Bock Jeffrey S MD
AVERA ABERDEEN FAMILY PHYSICIA,FM,Jundt Kim W MD
AVERA ABERDEEN FAMILY PHYSICIA,FM,Knapp Michael J DO
AVERA ABERDEEN FAMILY PHYSICIA,FM,Mogen Mark P MD
AVERA ABERDEEN FAMILY PHYSICIA,FM,Pietz Russell C MD
AVERA ABERDEEN FAMILY PHYSICIA,FM,Torrence-Heinz June PA
AVERA ABERDEEN FAMILY PHYSICIA,FM,Wachs David MD
AVERA CLINIC OF ELLENDALE,FM,Holkesvik Reid E MD
AVERA CLINIC OF ELLENDALE,FM,Lechner Thomas MD
AVERA CLINIC OF ELLENDALE,FM,Martin Valerie  PA-C
AVERA CLINIC OF ELLENDALE,FM,Snyder Michelle PA-C
AVERA COMMUNITY CLINIC,FM,Adams Bradley E PA
AVERA COMMUNITY CLINIC,FM,Clark Cynthia L MD
AVERA COMMUNITY CLINIC,FM,Drago George PA-C
AVERA COMMUNITY CLINIC,FM,Eastman Lia PA
AVERA COMMUNITY CLINIC,FM,Hinton Charles L MD
AVERA COMMUNITY CLINIC,FM,Holland Kristen MD
AVERA COMMUNITY CLINIC,FM,Konstanz Jeff PA-C
AVERA COMMUNITY CLINIC,FM,Nelson Jennifer L DO
AVERA COMMUNITY CLINIC,FM,Van Ert Gary P MD
AVERA COMMUNITY CLINIC,FM,Warraich Jamshed A MD
AVERA COMMUNITY CLINIC,FMNP,Klein Sara K CNP
AVERA CURAQUICK,FMNP,Hansen Heidi A. CNP
AVERA CURAQUICK,FMNP,Moriarty Jessica J. CNP
AVERA DELL RAPIDS MED CLINIC,FM,Adams Bradley E PA
AVERA DELL RAPIDS MED CLINIC,FM,Anderson Heather M MD  RES
AVERA DELL RAPIDS MED CLINIC,FM,Bell Christopher L MD
AVERA DELL RAPIDS MED CLINIC,FM,Berry Jack T MD
AVERA DELL RAPIDS MED CLINIC,FM,Boschee Christopher K DO  RES
AVERA DELL RAPIDS MED CLINIC,FM,Burns Joanna M MD  RES
AVERA DELL RAPIDS MED CLINIC,FM,Camp Samuel T MD  RES
AVERA DELL RAPIDS MED CLINIC,FM,Carda Chad J MD
AVERA DELL RAPIDS MED CLINIC,FM,Culey Shawn R MD
AVERA DELL RAPIDS MED CLINIC,FM,Dejong Paul W MD  RES
AVERA DELL RAPIDS MED CLINIC,FM,Dessouki Ahmed H MD
AVERA DELL RAPIDS MED CLINIC,FM,Fligge Pastel A MD  RES
AVERA DELL RAPIDS MED CLINIC,FM,Fritz Wallace L MD  RES
AVERA DELL RAPIDS MED CLINIC,FM,Hanssen Kimberly A MD  RES
AVERA DELL RAPIDS MED CLINIC,FM,Herber Matt E MD
AVERA DELL RAPIDS MED CLINIC,FM,Hinton Charles L MD
AVERA DELL RAPIDS MED CLINIC,FM,Johnson Jeffrey A MD
AVERA DELL RAPIDS MED CLINIC,FM,Kerr James D MD
AVERA DELL RAPIDS MED CLINIC,FM,Kleinberg David MD
AVERA DELL RAPIDS MED CLINIC,FM,Knutson Jason T MD
AVERA DELL RAPIDS MED CLINIC,FM,Konstanz Jeff PA-C
AVERA DELL RAPIDS MED CLINIC,FM,Larson Valerie A MD
AVERA DELL RAPIDS MED CLINIC,FM,List Mark D MD  RES
AVERA DELL RAPIDS MED CLINIC,FM,Maule Cynthia S MD
AVERA DELL RAPIDS MED CLINIC,FM,McDonald Bradley A  MD
AVERA DELL RAPIDS MED CLINIC,FM,McDonald Sarah K  MD
AVERA DELL RAPIDS MED CLINIC,FM,Prasek Joseph P MD
AVERA DELL RAPIDS MED CLINIC,FM,Redfish Amiel
AVERA DELL RAPIDS MED CLINIC,FM,Selland Shelly J CNP
AVERA DELL RAPIDS MED CLINIC,FM,Seurer Joseph J MD  RES
AVERA DELL RAPIDS MED CLINIC,FM,Skliris Demetre P MD
AVERA DELL RAPIDS MED CLINIC,FM,Speltz Stephen M MD
AVERA DELL RAPIDS MED CLINIC,FM,Telste Erin R MD  RES
AVERA DELL RAPIDS MED CLINIC,FM,Thury Chad R DO  RES
AVERA DELL RAPIDS MED CLINIC,FM,Wheatley Elizabeth J MD  RES
AVERA DELL RAPIDS MED CLINIC,FM,Zike Gregory D SR
AVERA DELL RAPIDS MED CLINIC,NP,Batiz LeAnn K CNP
AVERA DELL RAPIDS MED CLINIC,NP,Froehlich Tonya D
AVERA DELL RAPIDS MED CLINIC,NP,Smith Brandy J CNP
AVERA DELL RAPIDS MED CLINIC,PA,Abraham Julia PA-C
AVERA DELL RAPIDS MED CLINIC,PA,Chesley Jerry PA
AVERA DELL RAPIDS MED CLINIC,PA,Herrmann Kimberlee PAC
AVERA DELL RAPIDS MED CLINIC,PA,Olson Susan K CNP  PA-C
AVERA DELL RAPIDS MED CLINIC,PA,Palmer Ryan M PA-C
AVERA DELL RAPIDS MED CLINIC,PA,Schaefer Mary K PA-C
AVERA DELL RAPIDS MED CLINIC,PA,Schnetzer Angela M PA-C
AVERA DELL RAPIDS MED CLINIC,PA,Vanoverbeke Kerry L PA-C
AVERA ECARE SERVICES,IM,Bushen Oluma Y MD
AVERA ECARE SERVICES,NP,Engbrecht Muriel A CNP
AVERA FLANDREAU MEDICAL CLINIC,FM,Adams Bradley E PA
AVERA FLANDREAU MEDICAL CLINIC,FM,Bruning Gary
AVERA FLANDREAU MEDICAL CLINIC,FM,Bruning Gary L DO
AVERA FLANDREAU MEDICAL CLINIC,FM,Erickson David K
AVERA FLANDREAU MEDICAL CLINIC,FM,Erickson David K MD
AVERA FLANDREAU MEDICAL CLINIC,FM,Grow Paul M MD
AVERA FLANDREAU MEDICAL CLINIC,FM,Harms Marilyn A PA
AVERA FLANDREAU MEDICAL CLINIC,FM,Hinton Charles L MD
AVERA FLANDREAU MEDICAL CLINIC,FM,Jacobs Tad B
AVERA FLANDREAU MEDICAL CLINIC,FM,Jacobs Tad B DO
AVERA FLANDREAU MEDICAL CLINIC,FM,Jundt Kim W MD
AVERA FLANDREAU MEDICAL CLINIC,FM,Juracek Amy S CNP
AVERA FLANDREAU MEDICAL CLINIC,FM,Kleinberg David MD
AVERA FLANDREAU MEDICAL CLINIC,FM,Larson Valerie A MD
AVERA FLANDREAU MEDICAL CLINIC,FM,Nelson Jennifer
AVERA FLANDREAU MEDICAL CLINIC,FM,Nelson Jennifer DO
AVERA FLANDREAU MEDICAL CLINIC,FM,Patino Buelvas Jorge E MD
AVERA FLANDREAU MEDICAL CLINIC,FM,Peterson Scott N MD
AVERA FLANDREAU MEDICAL CLINIC,FM,Powell James E 
AVERA FLANDREAU MEDICAL CLINIC,FM,Powell James E  MD
AVERA FLANDREAU MEDICAL CLINIC,FM,Redfish Amiel PA-C
AVERA FLANDREAU MEDICAL CLINIC,FM,Skliris Demetre P MD
AVERA FLANDREAU MEDICAL CLINIC,FM,Speltz Stephen M MD
AVERA FLANDREAU MEDICAL CLINIC,FMNP,Ham Sandra K NP
AVERA FLANDREAU MEDICAL CLINIC,FMNP,Lundquist Salena FNP  BC
AVERA FLANDREAU MEDICAL CLINIC,IM,Lemme Virginia F PA-C
AVERA FLANDREAU MEDICAL CLINIC,NP,Hettinger Kathy A CFNP
AVERA FLANDREAU MEDICAL CLINIC,PA,Baum Tracy L CNP
AVERA FLANDREAU MEDICAL CLINIC,PA,Chesley Jerry W PA
AVERA FLANDREAU MEDICAL CLINIC,PA,Deutscher Cindy PA
AVERA FLANDREAU MEDICAL CLINIC,PA,Deutscher Cindy PA-C
AVERA FLANDREAU MEDICAL CLINIC,PA,Fuhrer Caroline M PAC
AVERA FLANDREAU MEDICAL CLINIC,PA,Hanna Janelle M PA-C
AVERA FLANDREAU MEDICAL CLINIC,PA,Olson Susan K CNP  PA-C
AVERA FLANDREAU MEDICAL CLINIC,PA,Palmer Ryan M PA-C
AVERA GREGORY MEDICAL CLINIC,FM,Bartling Melissa J MD
AVERA GREGORY MEDICAL CLINIC,FM,Clark Andrew N MD
AVERA GREGORY MEDICAL CLINIC,FM,Clark Cynthia L MD
AVERA GREGORY MEDICAL CLINIC,FM,Even Lisa A MD
AVERA GREGORY MEDICAL CLINIC,FM,Galbraith Ruth E NP
AVERA GREGORY MEDICAL CLINIC,FM,Hogue Sue M CNP
AVERA GREGORY MEDICAL CLINIC,FM,Holland Kristen MD
AVERA GREGORY MEDICAL CLINIC,FM,Jacobs Tad B DO
AVERA GREGORY MEDICAL CLINIC,FM,Kafka Richard L MD
AVERA GREGORY MEDICAL CLINIC,FM,Lyon Leigh M PA-C
AVERA GREGORY MEDICAL CLINIC,FM,Malm John A MD
AVERA GREGORY MEDICAL CLINIC,FM,Nemer Raymond G MD
AVERA GREGORY MEDICAL CLINIC,FM,Urban Katie L PA-C
AVERA HOLT COUNTY MEDICAL CLIN,FM,Heiser Robyn FNP
AVERA HOLT COUNTY MEDICAL CLIN,FM,Laible Jeanne M PA
AVERA HOLT COUNTY MEDICAL CLIN,FM,Ptacek Mark J MD
AVERA INTENSIVISTS,FM,Awan Rina N MD
AVERA INTENSIVISTS,FM,Bennett Joann DO  FACOI
AVERA INTENSIVISTS,FM,Gilhooly Jonathan E MD
AVERA INTENSIVISTS,FM,Groskreutz Dayna J MD
AVERA INTENSIVISTS,FM,Kovaleski David H MD
AVERA INTENSIVISTS,FM,Nemeh Mazen N MD
AVERA INTENSIVISTS,FM,Tiangco Noel Dexter L MD
AVERA INTENSIVISTS,IM,Deppe Scott A MD
AVERA INTENSIVISTS,IM,Gangineni Srinivas K MD
AVERA INTENSIVISTS,IM,Goodall Kay E CNP
AVERA INTENSIVISTS,IM,Gupta Amit MD
AVERA INTENSIVISTS,IM,Heisler Michael B MD
AVERA INTENSIVISTS,IM,Jain Sudhanshu MD
AVERA INTENSIVISTS,IM,Jamous Fady G MD  FCCP
AVERA INTENSIVISTS,IM,Jensen Richard A MD
AVERA INTENSIVISTS,IM,Kawar Eyad S MD
AVERA INTENSIVISTS,IM,Zawada Edward T JR  MD
AVERA INTENSIVISTS,NEPH,Santos Arvin L MD
AVERA INTENSIVISTS,PULMDIS,Hericks Anthony J DO
AVERA MARSHALL PSYCH ASSOC,PSYC,Ali Ammar H. MD  MBCHB
AVERA MARSHALL PSYCH ASSOC,PSYC,Gandhi Shailesh MD
AVERA MARSHALL PSYCH ASSOC,PSYC,Graziano Tamera D ARNP
AVERA MARSHALL PSYCH ASSOC,PSYC,Hanley Christopher G MD
AVERA MARSHALL PSYCH ASSOC,PSYC,Micka Thomas F. MD
AVERA MARSHALL PSYCH ASSOC,PSYC,Stevermer Michalene M DO
AVERA MARSHALL PSYCH ASSOC,PSYC,Tomb David A. MD
AVERA MARSHALL PSYCH ASSOC,PSYC,Tong Gloria J. MD
AVERA MARSHALL PSYCH ASSOC,PSYCCYF,Reese Deann L LICSW
AVERA MARSHALL SOUTHWEST OPHTH,OPHTH,Dannenberg Richard J  MD
AVERA MARSHALL SOUTHWEST OPHTH,OPHTH,Louwagie Curtis R MD
AVERA MARSHALL SOUTHWEST OPHTH,OPHTH,Shalwala Ajay B. MD
AVERA MARSHALL SOUTHWEST OPHTH,OPHTH,Stevens Jeffrey L MD
AVERA MARSHALL SOUTHWEST OPHTH,OPHTH,Thorstenson Lyle S. MD
AVERA MED GROUP ENDOCRINOLOGY,ENDO,Bakalov Vladimir K MD
AVERA MED GROUP ENDOCRINOLOGY,ENDO,Banka Ajaz A MD
AVERA MED GROUP ENDOCRINOLOGY,ENDO,Crawford Richard S MD
AVERA MED GROUP ENDOCRINOLOGY,ENDO,Glover Lawson E MD
AVERA MED GROUP ENDOCRINOLOGY,ENDO,Longo Charles A MD
AVERA MED GROUP ENDOCRINOLOGY,ENDO,Obi Augustine U MD
AVERA MED GROUP NIOBRARA,RURALHC,Manas-Lammers Lori A PA-C APRN
AVERA MED GROUP NIOBRARA,RURALHC,Morse Ronald P MD
AVERA MED GROUP NIOBRARA,RURALHC,Schapmann Adam J PA
AVERA MED GROUP NIOBRARA,RURALHC,Wallinga Danielle M PA-C
AVERA MED GROUP OPHTHALMOLOGY,OPHTH,Griess Michael D MD
AVERA MED GROUP OPHTHALMOLOGY,OPHTH,Knudsen Victoria L. MD
AVERA MED GROUP OPHTHALMOLOGY,OPHTH,Stevens Jeffrey L MD
AVERA MED GROUP OPHTHALMOLOGY,OPHTH,White Thomas C MD
AVERA MED GROUP PET CT,RADIOLOGY,Choudhry Sabina MD
AVERA MED GROUP PET CT,RADIOLOGY,Gregory Christopher MD
AVERA MED GROUP PET CT,RADIOLOGY,Kihne Michael J MD
AVERA MED GROUP PET CT,RADIOLOGY,Nelson Patrick A MD
AVERA MED GROUP PET CT,RADIOLOGY,Paulson Brad A MD
AVERA MED GROUP PET CT,RADIOLOGY,Soye Andrew I MD
AVERA MED GROUP PET CT,RADIOLOGY,Welter Randal L MD
AVERA MED GROUP RAD ONCOLOGY,MEDONC,Bloom Terry S
AVERA MED GROUP RAD ONCOLOGY,MEDONC,Duncan Rhonda J CNP
AVERA MED GROUP RAD ONCOLOGY,MEDONC,Nordstrom Kathleen A MD
AVERA MED GROUP RAD ONCOLOGY,MEDONC,Schlager Barbara A MD
AVERA MED GROUP RAD ONCOLOGY,MEDONC,Schneekloth Kathleen L MD
AVERA MED GROUP RAD ONCOLOGY,RADONC,Arneson Kyle O MD  PhD
AVERA MED GROUP RAD ONCOLOGY,RADONC,Hyland Glen R MD
AVERA MED GROUP RAD ONCOLOGY,RADONC,Simon James H MD
AVERA MED GROUP RADIOLOGY,NP,Nystrom Patsy R ARNP
AVERA MED GROUP RADIOLOGY,PA,Hawkins Gina PA-C
AVERA MED GROUP RADIOLOGY,PA,McReavy Audrey PA-C
AVERA MED GROUP RADIOLOGY,RAD,Barnes Clarissa G MD
AVERA MED GROUP RADIOLOGY,RADIOLOGY,Alpers Josie R MD
AVERA MED GROUP RADIOLOGY,RADIOLOGY,Baka Jeffery MD
AVERA MED GROUP RADIOLOGY,RADIOLOGY,Casey Matthew R MD
AVERA MED GROUP RADIOLOGY,RADIOLOGY,Choudhry Sabina MD
AVERA MED GROUP RADIOLOGY,RADIOLOGY,Crosby Daniel L MD
AVERA MED GROUP RADIOLOGY,RADIOLOGY,Fausch Mark D MD
AVERA MED GROUP RADIOLOGY,RADIOLOGY,Gregory Christopher MD
AVERA MED GROUP RADIOLOGY,RADIOLOGY,Hartmann McSherry Jodie K
AVERA MED GROUP RADIOLOGY,RADIOLOGY,Helgeson Matthew S MD
AVERA MED GROUP RADIOLOGY,RADIOLOGY,Jepperson Ryan D MD
AVERA MED GROUP RADIOLOGY,RADIOLOGY,Jordahl Joseph T MD
AVERA MED GROUP RADIOLOGY,RADIOLOGY,Kihne Michael J MD
AVERA MED GROUP RADIOLOGY,RADIOLOGY,Luzier Jonah H MD
AVERA MED GROUP RADIOLOGY,RADIOLOGY,Masterson Thomas E MD
AVERA MED GROUP RADIOLOGY,RADIOLOGY,Milroy Mary J MD
AVERA MED GROUP RADIOLOGY,RADIOLOGY,Nelson Patrick A MD
AVERA MED GROUP RADIOLOGY,RADIOLOGY,Pardy Matthew T MD
AVERA MED GROUP RADIOLOGY,RADIOLOGY,Patel Jay P MD
AVERA MED GROUP RADIOLOGY,RADIOLOGY,Paulson Brad A MD
AVERA MED GROUP RADIOLOGY,RADIOLOGY,Pelton Charles MD
AVERA MED GROUP RADIOLOGY,RADIOLOGY,Plorde J Joshua MD
AVERA MED GROUP RADIOLOGY,RADIOLOGY,Rife Daryl C MD
AVERA MED GROUP RADIOLOGY,RADIOLOGY,Runge Karen J CNP
AVERA MED GROUP RADIOLOGY,RADIOLOGY,Sitter Derek J PA-C
AVERA MED GROUP RADIOLOGY,RADIOLOGY,Soye Andrew I MD
AVERA MED GROUP RADIOLOGY,RADIOLOGY,Welter Randal L MD
AVERA MED GROUP RADIOLOGY,RADIOLOGY,Woodward Suzanne L MD
AVERA MED GROUP RHEUMATOLOGY,RHEUM,Fanciullo Joseph J MD
AVERA MED GROUP RHEUMATOLOGY,RHEUM,Fay Brian T MD
AVERA MED GROUP RHEUMATOLOGY,RHEUM,Halligan Christine S MD
AVERA MED GROUP RHEUMATOLOGY,RHEUM,Mumm Gregory E MD
AVERA MED GROUP RHEUMATOLOGY,RHEUM,Petersen Kara L MD
AVERA MED GROUP VERADIA,RADIOLOGY,Casey Matthew R MD
AVERA MED GROUP VERADIA,RADIOLOGY,Patel Jay P MD
AVERA MED GROUP VERADIA,RADIOLOGY,Plorde J Joshua MD
AVERA MED GRP GASTROENTEROLOGY,GASTRO,Anderson Alyssa B CNP
AVERA MED GRP GASTROENTEROLOGY,GASTRO,Chernatinski Irena D CNP
AVERA MED GRP GASTROENTEROLOGY,GASTRO,Condron Steven L MD
AVERA MED GRP GASTROENTEROLOGY,GASTRO,Duncan Rhonda J CNP
AVERA MED GRP GASTROENTEROLOGY,GASTRO,Hartmann McSherry Jodie K PA
AVERA MED GRP GASTROENTEROLOGY,GASTRO,Hill Jensen Cristina A MD
AVERA MED GRP GASTROENTEROLOGY,GASTRO,Hurley Christopher M MD
AVERA MED GRP GASTROENTEROLOGY,GASTRO,Johnson Dawn RD
AVERA MED GRP GASTROENTEROLOGY,GASTRO,Schafer Larry W MD
AVERA MED GRP GASTROENTEROLOGY,GASTRO,Schnieder April J CNP
AVERA MED GRP GASTROENTEROLOGY,GASTRO,Shamoun Dany K MD
AVERA MED GRP GYNECOLOGIC ONC,FM,Abu-Ghazaleh Samir Z MD
AVERA MED GRP GYNECOLOGIC ONC,FM,Andersen Emily H CNP
AVERA MED GRP GYNECOLOGIC ONC,FM,Avera McKennan
AVERA MED GRP GYNECOLOGIC ONC,FM,Gant Christina M CNP
AVERA MED GRP GYNECOLOGIC ONC,FM,Reiner Jennifer L CNP
AVERA MED GRP GYNECOLOGIC ONC,FM,Rojas Espaillat Luis A MD
AVERA MED GRP GYNECOLOGIC ONC,FM,Rojas-Espaillat Luis A MD
AVERA MED GRP GYNECOLOGIC ONC,FM,Ruzhitsky Ninel Nellie CNP
AVERA MED GRP GYNECOLOGIC ONC,FM,Starks David C MD
AVERA MED GRP GYNECOLOGIC ONC,OBGYN,Allard Jay E MD
AVERA MED GRP GYNECOLOGIC ONC,OBGYN,Green Andrew E MD
AVERA MED GRP GYNECOLOGIC ONC,OBGYN,Sundborg Michael J MD
AVERA MED GRP RHEUMATOLOGY,RHEUM,Fanciullo Joseph J MD
AVERA MED GRP RHEUMATOLOGY,RHEUM,Fay Brian T MD
AVERA MED GRP RHEUMATOLOGY,RHEUM,Halligan Christine S MD
AVERA MED GRP RHEUMATOLOGY,RHEUM,Mumm Gregory E MD
AVERA MED GRP RHEUMATOLOGY,RHEUM,Petersen Kara L MD
AVERA MED GRP SURG DEPT/AQOP,GENSUR,Haley Michael D MD
AVERA MED GRP SURG DEPT/AQOP,GENSUR,Howe Jerry K MD
AVERA MED GRP SURG DEPT/AQOP,GENSUR,Leland Dennis MD
AVERA MED GRP SURG DEPT/AQOP2,GENSUR,Baas Aaron MD
AVERA MED GRP SURG DEPT/AQOP2,GENSUR,Seifert Clint L MD
AVERA MEDICAL GROUP BROOKINGS,FM,Adams Bradley E PA
AVERA MEDICAL GROUP BROOKINGS,FM,Beireis Jeremy H MD
AVERA MEDICAL GROUP BROOKINGS,FM,Bien Matt N MD
AVERA MEDICAL GROUP BROOKINGS,FM,Cecil Daniel P MD
AVERA MEDICAL GROUP BROOKINGS,FM,Drago George
AVERA MEDICAL GROUP BROOKINGS,FM,Eischens Shelby L MD
AVERA MEDICAL GROUP BROOKINGS,FM,Elaprolu Kishore MD
AVERA MEDICAL GROUP BROOKINGS,FM,Ellsworth Andrew MD
AVERA MEDICAL GROUP BROOKINGS,FM,Elshere Pamela G PA-C
AVERA MEDICAL GROUP BROOKINGS,FM,Fitzpatrick Shaun PA
AVERA MEDICAL GROUP BROOKINGS,FM,Ford Garet
AVERA MEDICAL GROUP BROOKINGS,FM,Fossum David PA-C
AVERA MEDICAL GROUP BROOKINGS,FM,Gildner Kevin P MD
AVERA MEDICAL GROUP BROOKINGS,FM,Gudvangen Richard J MD
AVERA MEDICAL GROUP BROOKINGS,FM,Hagberg Carrie E CNP
AVERA MEDICAL GROUP BROOKINGS,FM,Hanna Janelle M PA-C
AVERA MEDICAL GROUP BROOKINGS,FM,Heinze Tara PA-C
AVERA MEDICAL GROUP BROOKINGS,FM,Herrmann Kimberlee
AVERA MEDICAL GROUP BROOKINGS,FM,Hieb Richard S MD
AVERA MEDICAL GROUP BROOKINGS,FM,Holm Joanie CNP
AVERA MEDICAL GROUP BROOKINGS,FM,Holm Richard P MD
AVERA MEDICAL GROUP BROOKINGS,FM,Johnston Debra J MD
AVERA MEDICAL GROUP BROOKINGS,FM,King Rodney PA-C
AVERA MEDICAL GROUP BROOKINGS,FM,Kruse Jill D DO
AVERA MEDICAL GROUP BROOKINGS,FM,Malmberg Kenric D MD
AVERA MEDICAL GROUP BROOKINGS,FM,Murunga Eric M MD
AVERA MEDICAL GROUP BROOKINGS,FM,Nelson Amy L PA-C
AVERA MEDICAL GROUP BROOKINGS,FM,Niemeyer Beth L CNP
AVERA MEDICAL GROUP BROOKINGS,FM,Palmer Ryan M
AVERA MEDICAL GROUP BROOKINGS,FM,Park Chan MD
AVERA MEDICAL GROUP BROOKINGS,FM,Ramsay John D MD
AVERA MEDICAL GROUP BROOKINGS,FM,Redmond Jennifer A FNP-BC
AVERA MEDICAL GROUP BROOKINGS,FM,Rietz Robert R MD
AVERA MEDICAL GROUP BROOKINGS,FM,Saxena Satish C MD
AVERA MEDICAL GROUP BROOKINGS,FM,Sergeev Tatiana B MD
AVERA MEDICAL GROUP BROOKINGS,FM,Smith Sarah J MD
AVERA MEDICAL GROUP BROOKINGS,FM,Trudeau Sheri J CNP
AVERA MEDICAL GROUP BROOKINGS,FM,Turner Gerald L MD
AVERA MEDICAL GROUP BROOKINGS,FM,Vande Kop Rebecca MD
AVERA MEDICAL GROUP BROOKINGS,FM,Walery Jim F MD
AVERA MEDICAL GROUP BROOKINGS,FM,Warren Merritt G MD
AVERA MEDICAL GROUP BROOKINGS,FM,Wilson Jennifer B PA
AVERA MEDICAL GROUP BROOKINGS,FMNP,Nevins Kathryn CNP
AVERA MEDICAL GROUP BROOKINGS,GENSUR,Chontos Andrew J MD
AVERA MEDICAL GROUP BROOKINGS,GENSUR,Johnson Jeffrey P MD
AVERA MEDICAL GROUP BROOKINGS,GENSUR,Oey-Devine Theresa MD
AVERA MEDICAL GROUP BROOKINGS,NP,Bucher Dawn CNP
AVERA MEDICAL GROUP BROOKINGS,NP,Burlage Debra A CNP
AVERA MEDICAL GROUP BROOKINGS,NP,Hettinger Kathy A CFNP
AVERA MEDICAL GROUP BROOKINGS,NP,Jones Katie R CNP
AVERA MEDICAL GROUP BROOKINGS,OBGYN,Bennis Larissa Y MD
AVERA MEDICAL GROUP BROOKINGS,OBGYN,Hopper Ellen E MD
AVERA MEDICAL GROUP BROOKINGS,OBGYN,Uhing Molly J MD
AVERA MEDICAL GROUP BROOKINGS,PA,Fischer Karley K PA-C
AVERA MEDICAL GROUP BROOKINGS,PA,Rasmussen Julie K PA-C
AVERA MEDICAL GROUP BROOKINGS,PT,Haar Monica L PT
AVERA MEDICAL GROUP BROOKINGS,PT,Holzer Kimberly A PTA
AVERA MEDICAL GROUP BROOKINGS,PT,HUBREGTSE ASHELY R PT
AVERA MEDICAL GROUP BROOKINGS,PT,Kludt Kip A PT
AVERA MEDICAL GROUP BROOKINGS,PT,McCullough Charles E PT
AVERA MEDICAL GROUP BROOKINGS,PT,Walsh Dodie PTA
AVERA MEDICAL GROUP CARDIOVASC,CARDIO,Gbur Charles J MD
AVERA MEDICAL GROUP CARDIOVASC,CARDIO,Murad Bilal MD
AVERA MEDICAL GROUP CARDIOVASC,CARDIO,Sidaway Larry S DO
AVERA MEDICAL GROUP CARDIOVASC,CARDIO,Vadlamani Lalit MD (Lou Kumar)
AVERA MEDICAL GROUP CREIGHTON,RURALHC,Fullner-Marshall Melissa A PAC
AVERA MEDICAL GROUP CROFTON,RURALHC,Broekemeier Robert J
AVERA MEDICAL GROUP CROFTON,RURALHC,Joachimsen Tonya K
AVERA MEDICAL GROUP CROFTON,RURALHC,Manas-Lammers Lori A CNP
AVERA MEDICAL GROUP CROFTON,RURALHC,Micek Connie S MD
AVERA MEDICAL GROUP CROFTON,RURALHC,Miller Jamie M NP-C
AVERA MEDICAL GROUP CROFTON,RURALHC,Schapmann Adam J PA
AVERA MEDICAL GROUP DESMET,FM,Hoek Jill R PA-C
AVERA MEDICAL GROUP GROTON,FM,Harry Eric  PA-C
AVERA MEDICAL GROUP GROTON,FM,Harry Eric PA-C
AVERA MEDICAL GROUP GROTON,FM,Quaschnick Marie S CNP
AVERA MEDICAL GROUP GROTON,FM,Sweeter Kathi K CNP
AVERA MEDICAL GROUP HARTINGTON,RURALHC,Broekemeier Robert J
AVERA MEDICAL GROUP HARTINGTON,RURALHC,Joachimsen Tonya K
AVERA MEDICAL GROUP HARTINGTON,RURALHC,Manas-Lammers Lori A CNP
AVERA MEDICAL GROUP HARTINGTON,RURALHC,Micek Connie S MD
AVERA MEDICAL GROUP HARTINGTON,RURALHC,Miller Jamie M NP-C
AVERA MEDICAL GROUP HARTINGTON,RURALHC,Schapmann Adam J PA
AVERA MEDICAL GROUP HARTINGTON,RURALHC,Vlach David L MD
AVERA MEDICAL GROUP INTERNAL M,IM,Adams John A MD
AVERA MEDICAL GROUP INTERNAL M,IM,Lao Maria MD
AVERA MEDICAL GROUP INTERNAL M,IM,Myrmoe Arlin M MD
AVERA MEDICAL GROUP INTERNAL M,IM,Rovang Ronald MD
AVERA MEDICAL GROUP INTERNAL M,IM,Suurmeyer Robert MD
AVERA MEDICAL GROUP INTERNAL M,IM,Waterman Timothy R MD
AVERA MEDICAL GROUP IVANHOE,FM,Echols Simpson Alexandria C.
AVERA MEDICAL GROUP IVANHOE,FM,Lang Carol L DO
AVERA MEDICAL GROUP IVANHOE,FMNP,Bly Theresa CNP
AVERA MEDICAL GROUP IVANHOE,FMNP,Hansen Heidi A. CNP
AVERA MEDICAL GROUP IVANHOE,FMNP,Moriarty Jessica J. CNP
AVERA MEDICAL GROUP IVANHOE,FMNP,Nicolas Amy F. CNP
AVERA MEDICAL GROUP IVANHOE,FMNP,Scotting Melissa J CNP
AVERA MEDICAL GROUP KENNEBEC,FM,Konstanz Jeff PA-C
AVERA MEDICAL GROUP KENNEBEC,FM,Schroeder Renee C DO
AVERA MEDICAL GROUP KENNEBEC,FMNP,Klein Sara K CNP
AVERA MEDICAL GROUP LAFLAN,RURALHC,Laflan Cathy J APRN
AVERA MEDICAL GROUP LAFLAN,RURALHC,Laflan Douglas M MD
AVERA MEDICAL GROUP LAFLAN,RURALHC,Schapmann Adam J PA
AVERA MEDICAL GROUP LAKES FAMI,FM,Baskerville Steven L MD
AVERA MEDICAL GROUP LAKES FAMI,FM,Carlson Steven C DO
AVERA MEDICAL GROUP LAKES FAMI,FM,Kalkhoff Thomas F DO
AVERA MEDICAL GROUP LAKES FAMI,FM,Roenfanz Kelli A DO
AVERA MEDICAL GROUP LAKES FAMI,FM,Rosman Mary P DO
AVERA MEDICAL GROUP LAKES FAMI,FM,Taylor Timothy J DO
AVERA MEDICAL GROUP LAKES FAMI,FM,Vander Leest Steven P DO
AVERA MEDICAL GROUP MCGREEVY 6,FM,Dierks Scott MD
AVERA MEDICAL GROUP MCGREEVY 6,FM,Flickema Dawn A MD
AVERA MEDICAL GROUP MCGREEVY 6,FM,Knutson Jason T DO
AVERA MEDICAL GROUP MCGREEVY 6,FM,Miller Andrea N DO
AVERA MEDICAL GROUP MCGREEVY 6,FM,Termaat Jill C MD
AVERA MEDICAL GROUP MCGREEVY 6,FM,Van Kalsbeek Carilyn L MD
AVERA MEDICAL GROUP MCGREEVY 6,OBGYN,Mabee Lee M MD
AVERA MEDICAL GROUP MCGREEVY B,FM,Briggs Richard G MD
AVERA MEDICAL GROUP MCGREEVY B,FM,Chester Darren W MD
AVERA MEDICAL GROUP MCGREEVY B,FM,McElroy Michelle L MD
AVERA MEDICAL GROUP MCGREEVY B,FMPA,Harvison Barbara A PA-C
AVERA MEDICAL GROUP MCGREEVY B,FMPA,Hess Aubrey L PA-C
AVERA MEDICAL GROUP MCGREEVY D,FM,Beireis Jeremy H MD
AVERA MEDICAL GROUP MCGREEVY D,FM,Hagiwara Yuya MD
AVERA MEDICAL GROUP MCGREEVY D,FM,Jundt Kim W MD
AVERA MEDICAL GROUP MCGREEVY D,FM,Marckstadt Sheryl L CNP
AVERA MEDICAL GROUP MCGREEVY D,FM,Schurrer Michael E MD
AVERA MEDICAL GROUP MCGREEVY D,FM,Stotz Michael P DO
AVERA MEDICAL GROUP MCGREEVY D,FMPA,Chabot Brian A PA
AVERA MEDICAL GROUP MCGREEVY D,IM,Aggarwal Pooja MD
AVERA MEDICAL GROUP MCGREEVY D,IM,Flanagan Laura M DO
AVERA MEDICAL GROUP MCGREEVY H,FM,Basel David A MD
AVERA MEDICAL GROUP MCGREEVY H,FMNP,Engbrecht Muriel A CNP
AVERA MEDICAL GROUP MCGREEVY L,FMNP,Erpenbach Aletha K NPC
AVERA MEDICAL GROUP MCGREEVY L,FMNP,Nielsen Carol F ARNP
AVERA MEDICAL GROUP MCGREEVY L,FMNP,Rule Cindi S ARNP
AVERA MEDICAL GROUP MCGREEVY M,FM,Burchett Andrew W DO
AVERA MEDICAL GROUP MCGREEVY M,FM,Furth Heidi M CNP
AVERA MEDICAL GROUP MCGREEVY M,FM,Harvison Gregg A MD
AVERA MEDICAL GROUP MCGREEVY M,FM,Heiling Karen J MD
AVERA MEDICAL GROUP MCGREEVY M,FM,Knutson Tricia L MD
AVERA MEDICAL GROUP MCGREEVY M,FM,Lindaman Amy N MD
AVERA MEDICAL GROUP MCGREEVY M,FM,Nelson Jennifer L DO
AVERA MEDICAL GROUP MCGREEVY M,FM,Peters Patricia A MD
AVERA MEDICAL GROUP MCGREEVY M,FM,Prestbo Aaron A MD
AVERA MEDICAL GROUP MCGREEVY M,FM,Prestbo Leah L MD
AVERA MEDICAL GROUP MCGREEVY M,FM,Reindl Alisa L MD
AVERA MEDICAL GROUP MCGREEVY M,FM,Ries Dennis D MD
AVERA MEDICAL GROUP MCGREEVY M,FM,Smith Sandra B MD
AVERA MEDICAL GROUP MCGREEVY M,FM,Stassen Michael D MD
AVERA MEDICAL GROUP MCGREEVY M,FM,Stenson Jeffrey L MD
AVERA MEDICAL GROUP MCGREEVY M,FM,Verma Suneet MD
AVERA MEDICAL GROUP MCGREEVY M,FM,Wenger Robert S MD
AVERA MEDICAL GROUP MCGREEVY M,FMNP,Barber Kim CNP
AVERA MEDICAL GROUP MCGREEVY M,FMNP,Brower Miranda FNP
AVERA MEDICAL GROUP MCGREEVY M,FMNP,Doom-Anderson Lisa C FNP
AVERA MEDICAL GROUP MCGREEVY M,FMNP,Hanson Linda R CNP
AVERA MEDICAL GROUP MCGREEVY M,FMNP,Hooyer Anne P ARNP
AVERA MEDICAL GROUP MCGREEVY M,FMNP,Justice Trisha H CNP
AVERA MEDICAL GROUP MCGREEVY M,FMNP,Kovalenko Cheri L CNP
AVERA MEDICAL GROUP MCGREEVY M,FMNP,Ruzhitsky Ninel Nellie CNP
AVERA MEDICAL GROUP MCGREEVY M,FMNP,Sanderson Paula CNP
AVERA MEDICAL GROUP MCGREEVY M,FMNP,SCHMIDT DARCIE L FNP-BC
AVERA MEDICAL GROUP MCGREEVY M,FMNP,Thompson Amy S CNP
AVERA MEDICAL GROUP MCGREEVY M,FMNP,Wasko Kelly CNP
AVERA MEDICAL GROUP MCGREEVY M,FMPA,Bleeker Bonnie L PA
AVERA MEDICAL GROUP MCGREEVY M,FMPA,Elshere Pamela G PA-C
AVERA MEDICAL GROUP MCGREEVY M,FMPA,Feehan Kaitlin M PA-C
AVERA MEDICAL GROUP MCGREEVY M,FMPA,Fink James W PA-C
AVERA MEDICAL GROUP MCGREEVY M,FMPA,Johnson Darrel L PA-C
AVERA MEDICAL GROUP MCGREEVY M,FMPA,Lunder Kimberly K PA-C
AVERA MEDICAL GROUP MCGREEVY M,FMPA,Moeding David L PA-C
AVERA MEDICAL GROUP MCGREEVY M,FMPA,Slaba Travis J PA
AVERA MEDICAL GROUP MCGREEVY M,FMPA,Smith Gwen L PA-C
AVERA MEDICAL GROUP MCGREEVY M,GENSUR,Dosch Wade E MD
AVERA MEDICAL GROUP MCGREEVY M,GENSUR,Flanagan David M MD
AVERA MEDICAL GROUP MCGREEVY M,GENSUR,Fullerton Thomas E MD
AVERA MEDICAL GROUP MCGREEVY M,HOSPT,Odunukan Olufunso W MD
AVERA MEDICAL GROUP MCGREEVY M,IM,Beckstrand Scott A MD
AVERA MEDICAL GROUP MCGREEVY M,IM,Billion Stephen P MD
AVERA MEDICAL GROUP MCGREEVY M,IM,Hiltunen Scott MD
AVERA MEDICAL GROUP MCGREEVY M,IM,Moncur Latonia J MD
AVERA MEDICAL GROUP MCGREEVY M,IM,Nelson Richard A MD
AVERA MEDICAL GROUP MCGREEVY M,IM,Tobin Michael D MD
AVERA MEDICAL GROUP MCGREEVY M,IM,Wasekar Chetan J MD
AVERA MEDICAL GROUP MCGREEVY M,NEURO,Goens Kris CNP
AVERA MEDICAL GROUP MCGREEVY M,OBGYN,English Gilbert L MD
AVERA MEDICAL GROUP MCGREEVY M,OBGYN,Kallemeyn Brenda K MD
AVERA MEDICAL GROUP MCGREEVY M,OBGYN,McKay Kimberlee A MD
AVERA MEDICAL GROUP MCGREEVY M,OBGYN,Rojas-Espaillat Luis A MD
AVERA MEDICAL GROUP MCGREEVY M,OBGYN,Seger Yvonne B MD
AVERA MEDICAL GROUP MCGREEVY M,PA,Letner Lori L PA
AVERA MEDICAL GROUP MCGREEVY M,PEDS,Eich Shari L MD
AVERA MEDICAL GROUP MCGREEVY M,PEDS,Elliott Michael K MD
AVERA MEDICAL GROUP MCGREEVY M,PEDS,Hoime Shannon D MD
AVERA MEDICAL GROUP MCGREEVY M,PEDS,Kooima Rick MD
AVERA MEDICAL GROUP MCGREEVY M,PEDS,Maroun Christiane R MD
AVERA MEDICAL GROUP MCGREEVY M,PEDS,Olson Bretta M MD
AVERA MEDICAL GROUP MCGREEVY M,PEDS,Schimelpfenig Samuel S MD
AVERA MEDICAL GROUP MCGREEVY M,PEDS,Torbert Nicholas DO
AVERA MEDICAL GROUP MCGREEVY N,FM,Culey Shawn R MD
AVERA MEDICAL GROUP MCGREEVY N,FM,Stotz Kirsten H DO
AVERA MEDICAL GROUP MCGREEVY N,FMPA,Peterson Dawn M PA-C
AVERA MEDICAL GROUP MCGREEVY P,PEDS,Bruning Kara D MD
AVERA MEDICAL GROUP MCGREEVY P,PEDS,Vogel Joseph C MD
AVERA MEDICAL GROUP MCGREEVY S,FM,Anel Roberto MD
AVERA MEDICAL GROUP MCGREEVY S,FM,Breske Colleen MD
AVERA MEDICAL GROUP MCGREEVY S,FM,Greene Derek MD
AVERA MEDICAL GROUP MCGREEVY S,FM,Kangley Daniel J MD
AVERA MEDICAL GROUP MCGREEVY S,FM,Lemaster Larry A MD
AVERA MEDICAL GROUP MCGREEVY S,FM,List Mark D MD
AVERA MEDICAL GROUP MCGREEVY S,FM,Meyer Angela M MD
AVERA MEDICAL GROUP MCGREEVY S,FM,Moose Courtney J MD
AVERA MEDICAL GROUP MCGREEVY S,FM,Rodig Mark D MD
AVERA MEDICAL GROUP MCGREEVY S,FM,Smith Craig M MD
AVERA MEDICAL GROUP MCGREEVY S,FM,VanDyke Ashley J DO
AVERA MEDICAL GROUP MCGREEVY S,FMPA,Barnett John PA-C
AVERA MEDICAL GROUP MCGREEVY T,FMNP,Wills Brenda K CNP
AVERA MEDICAL GROUP MCGREEVY U,FMNP,Johnson Amber J CNP
AVERA MEDICAL GROUP MCGREEVY U,FMNP,Sebesta Donna L CNP
AVERA MEDICAL GROUP MCGREEVY W,FM,Carlson Carrie J DO
AVERA MEDICAL GROUP MCGREEVY W,FM,Feistner Heidi L MD
AVERA MEDICAL GROUP MCGREEVY W,FM,Hanssen Kimberly A DO
AVERA MEDICAL GROUP MCGREEVY W,FM,Hultgren Kari J MD
AVERA MEDICAL GROUP MCGREEVY W,FM,Larsen David A MD
AVERA MEDICAL GROUP MCGREEVY W,FM,Pederson Kim A MD
AVERA MEDICAL GROUP MCGREEVY W,FM,Seurer Joseph J MD
AVERA MEDICAL GROUP MCGREEVY W,FM,Thury Chad R DO
AVERA MEDICAL GROUP MCHALE,HEMONC,Bobzien William F III  MD
AVERA MEDICAL GROUP MCHALE,HEMONC,Marckstadt Sheryl L CNP
AVERA MEDICAL GROUP MCHALE,HEMONC,McHale Michael S MD
AVERA MEDICAL GROUP MCHALE,HEMONC,Solomon Benjamin M MD
AVERA MEDICAL GROUP MCHALE,MEDONC,Yusufi Haider M PA
AVERA MEDICAL GROUP MCHALE,NP,Mehrman Theresa A CNP
AVERA MEDICAL GROUP MILBANK,FM,Bjordahl Kevin L MD
AVERA MEDICAL GROUP MILBANK,FM,Bucklin Lisa CNP
AVERA MEDICAL GROUP MILBANK,FM,Denna Paul T MD
AVERA MEDICAL GROUP MILBANK,FM,Dreis Patrick PA-C
AVERA MEDICAL GROUP MILBANK,FM,Holscher Brenda C PA-C
AVERA MEDICAL GROUP MILBANK,FM,Leddy Susan CNP
AVERA MEDICAL GROUP MILBANK,FM,McDonald Sarah K MD
AVERA MEDICAL GROUP MILBANK,FM,Reynen Peter J MD
AVERA MEDICAL GROUP MILBANK,FM,Schuelke Peggy J CNP
AVERA MEDICAL GROUP MILBANK,FM,Van Peursem Nanci J MD
AVERA MEDICAL GROUP MILBANK,FM,Vanadurongvan Kanya MD
AVERA MEDICAL GROUP MILBANK,FM,Vanadurongvan Vichit MD
AVERA MEDICAL GROUP MILBANK,FM,Webb Crispin  MD
AVERA MEDICAL GROUP MILBANK,FM,Webb Crispin MD
AVERA MEDICAL GROUP MILBANK,GENSUR,Bess Michael A MD
AVERA MEDICAL GROUP MILLER,FM,Bevers Pauline PA-C
AVERA MEDICAL GROUP MILLER,FM,Gutzmer Cassandra A NP-C
AVERA MEDICAL GROUP MILLER,FM,Hanisch Denise S MD
AVERA MEDICAL GROUP MILLER,FM,Herrmann Kimberlee PAC
AVERA MEDICAL GROUP MILLER,FM,Holman David A MD
AVERA MEDICAL GROUP MILLER,FM,Hopkins John D DO
AVERA MEDICAL GROUP MILLER,FM,Huber Joel B MD
AVERA MEDICAL GROUP MILLER,FM,Kirton Kenneth T MD
AVERA MEDICAL GROUP MILLER,FM,Runge Karen J CNP
AVERA MEDICAL GROUP MILLER,FM,Schroeder Stephan D MD
AVERA MEDICAL GROUP MILLER,FM,Turner Michelle A MD
AVERA MEDICAL GROUP MILLER,FM,Wieseler Michele L NP-C
AVERA MEDICAL GROUP MILLER,FM,Zike Gregory D SR  PA
AVERA MEDICAL GROUP MILLER,IM,Adams John A MD
AVERA MEDICAL GROUP NEPHROLOGY,NEPH,Chaudhary Shahid S MD
AVERA MEDICAL GROUP NEPHROLOGY,NEPH,Geneidy Ayman A MD
AVERA MEDICAL GROUP NEPHROLOGY,NEPH,Granville Sara PA
AVERA MEDICAL GROUP NEPHROLOGY,NEPH,Hogue Alisa  CNP
AVERA MEDICAL GROUP NEPHROLOGY,NEPH,Hogue Alisa CNP
AVERA MEDICAL GROUP NEPHROLOGY,NEPH,Konkimalla Sridevi MD
AVERA MEDICAL GROUP NEPHROLOGY,NEPH,Kovaleski David H MD
AVERA MEDICAL GROUP NEPHROLOGY,NEPH,Linatoc Julie Ann T MD
AVERA MEDICAL GROUP NEPHROLOGY,NEPH,Santella Robert N MD
AVERA MEDICAL GROUP NEPHROLOGY,NEPH,Santos Arvin L MD
AVERA MEDICAL GROUP NEPHROLOGY,NEPH,Schrier Jerry J PA-C
AVERA MEDICAL GROUP NEPHROLOGY,NEPH,Syed Junaid A MD
AVERA MEDICAL GROUP NEPHROLOGY,NEPH,Zawada Edward T JR  MD
AVERA MEDICAL GROUP NEUROLOGY,NEURO,Mosada Rene L MD
AVERA MEDICAL GROUP NEUROLOGY,NEURO,Rossing William R MD
AVERA MEDICAL GROUP ONC & HEM,HEMONC,Parameswaran R Vinod MD
AVERA MEDICAL GROUP ONC & HEM,MEDONC,Chell Carole A CNP
AVERA MEDICAL GROUP ONC & HEM,MEDONC,Elson David L MD
AVERA MEDICAL GROUP ONC & HEM,MEDONC,Gant Christina M CNP
AVERA MEDICAL GROUP ONC & HEM,MEDONC,Huber Mark R MD
AVERA MEDICAL GROUP ONC & HEM,MEDONC,Krie Amy K MD
AVERA MEDICAL GROUP ONC & HEM,MEDONC,Leyland-Jones Brian MB BS PhD
AVERA MEDICAL GROUP ONC & HEM,MEDONC,Loewen Margaret J CNP
AVERA MEDICAL GROUP ONC & HEM,MEDONC,McKean Heidi A MD
AVERA MEDICAL GROUP ONC & HEM,MEDONC,Robinson Michael O MD
AVERA MEDICAL GROUP ONC & HEM,MEDONC,Solomon Benjamin M MD
AVERA MEDICAL GROUP ONC & HEM,MEDONC,Terveen Nancy J CNP
AVERA MEDICAL GROUP ONC & HEM,MEDONC,Tolentino Addison R MD
AVERA MEDICAL GROUP ONC & HEM,NP,Hoogeveen Melissa S CNP
AVERA MEDICAL GROUP ONEILL,FM,Ptacek Mark J MD
AVERA MEDICAL GROUP ONEILL,FM,Stanton Jennifer L PA
AVERA MEDICAL GROUP ONEILL,RURALHC,Banks Ryan A MD
AVERA MEDICAL GROUP ONEILL,RURALHC,Cuddy Gary D PA
AVERA MEDICAL GROUP ONEILL,RURALHC,Drueke Terra J APRN
AVERA MEDICAL GROUP ONEILL,RURALHC,Gutshall Barbara J MD
AVERA MEDICAL GROUP ONEILL,RURALHC,Herrington Shelly NP
AVERA MEDICAL GROUP ONEILL,RURALHC,Jessen Hannah M PA
AVERA MEDICAL GROUP ONEILL,RURALHC,Petersen Theresa A APRN
AVERA MEDICAL GROUP ONEILL,RURALHC,Renshaw Preston C MD
AVERA MEDICAL GROUP ONEILL,RURALHC,Spencer Sharon L CNP
AVERA MEDICAL GROUP ONEILL,RURALHC,Thiele Jenna M APRN
AVERA MEDICAL GROUP ONEILL,RURALHC,Winkelbauer Matthew MD
AVERA MEDICAL GROUP ORTHOPEDIC,ORTHO,Ambur Richard F MD
AVERA MEDICAL GROUP ORTHOPEDIC,ORTHO,Burgess Kimberly A MD
AVERA MEDICAL GROUP ORTHOPEDIC,ORTHO,Hardin David MD
AVERA MEDICAL GROUP ORTHOPEDIC,ORTHO,Harlow Mark MD
AVERA MEDICAL GROUP ORTHOPEDIC,ORTHO,Momoh Enesi O MD
AVERA MEDICAL GROUP ORTHOPEDIC,ORTHO,Wagner Timothy R MD
AVERA MEDICAL GROUP PEDIATRICS,PEDADO,Noruzian Masoud MD
AVERA MEDICAL GROUP PEDIATRICS,PEDADO,Salmanzadeh Saeedeh MD  FAAP
AVERA MEDICAL GROUP PEDIATRICS,PEDADO,Santos-Jawaid Georgia MD  FAAP
AVERA MEDICAL GROUP PEDIATRICS,PEDS,Brown Kirsten R MD
AVERA MEDICAL GROUP PEDIATRICS,PEDS,CHRISTIANSON HEATHER P MD
AVERA MEDICAL GROUP PEDIATRICS,PEDS,Freitag Lisa C MD
AVERA MEDICAL GROUP PEDIATRICS,PEDS,Kee Kim D CNP
AVERA MEDICAL GROUP PEDIATRICS,PEDS,Siesennop Andrew C MD
AVERA MEDICAL GROUP PEDIATRICS,PEDS,Tegethoff Jennifer L MD
AVERA MEDICAL GROUP PEDIATRICS,PEDS,Willman April K MD
AVERA MEDICAL GROUP PEDIATRICS,PT,Flynn Deborah A MA-CCC/SLP
AVERA MEDICAL GROUP PEDIATRICS,PT,Gosmire Kari L MA-CCC/SLP
AVERA MEDICAL GROUP PEDIATRICS,PT,Murtha Tiffany J OT
AVERA MEDICAL GROUP PEDIATRICS,PT,Oleson Sandra K OTR/L
AVERA MEDICAL GROUP PEDIATRICS,PT,Weich Rebecca R OTR/L
AVERA MEDICAL GROUP PHYSICAL M,PHYSIATRY,Yoo Myung J MD
AVERA MEDICAL GROUP PIERCE,RURALHC,Broekemeier Robert J APRN
AVERA MEDICAL GROUP PIERCE,RURALHC,Manas-Lammers Lori A PA-C APRN
AVERA MEDICAL GROUP PIERCE,RURALHC,Micek Connie S MD
AVERA MEDICAL GROUP PIERCE,RURALHC,Morse Ronald P MD
AVERA MEDICAL GROUP PIERCE,RURALHC,Schapmann Adam J PA
AVERA MEDICAL GROUP PIERCE,RURALHC,Tietgen Barry H PA-C
AVERA MEDICAL GROUP PODIATRY,PODIATRY,Stapp Chad DPM
AVERA MEDICAL GROUP PSYCHIATRY,PHYSIATRY,Khan Navaid A MD
AVERA MEDICAL GROUP PSYCHIATRY,PHYSIATRY,Meza Eduardo E MD
AVERA MEDICAL GROUP PSYCHIATRY,PSYC,Fidler Nancy E LCSW
AVERA MEDICAL GROUP REDWOOD,FMNP,Simonsen Rebecca L  CNP
AVERA MEDICAL GROUP SELBY,FM,Ottenbacher John C MD
AVERA MEDICAL GROUP SIBLEY,FM,Jayaswal Gautam MD
AVERA MEDICAL GROUP SIBLEY,FM,Kosters Gregory J DO
AVERA MEDICAL GROUP SIBLEY,FM,Miedema Douglas J DO
AVERA MEDICAL GROUP SIBLEY,FM,Rosman Mary P DO
AVERA MEDICAL GROUP SIBLEY,FM,Sessa Christian F DO
AVERA MEDICAL GROUP SIBLEY,FM,Wilcinot Rachel R DO
AVERA MEDICAL GROUP SIBLEY,FMNP,Brower Miranda FNP
AVERA MEDICAL GROUP SIBLEY,FMNP,Rosman Mary P DO
AVERA MEDICAL GROUP SPIRIT LAK,FM,Borus Zachary A MD
AVERA MEDICAL GROUP SPIRIT LAK,FM,Brevik Andrew K DO
AVERA MEDICAL GROUP SPIRIT LAK,FM,Ford Brian R MD
AVERA MEDICAL GROUP SPIRIT LAK,FM,Goerss Jeffery J MD
AVERA MEDICAL GROUP SPIRIT LAK,FM,Olson Brett J MD
AVERA MEDICAL GROUP SPIRIT LAK,FM,Rosman Mary P DO
AVERA MEDICAL GROUP SPIRIT LAK,FM,Webb James A MD
AVERA MEDICAL GROUP SPIRIT LAK,NP,Kelley Jessica CNP
AVERA MEDICAL GROUP UROLOGY,UROLOGY,Eckrich Paul  MD
AVERA MEDICAL GROUP VERDIGRE,RURALHC,Borgmann Amy PA-C
AVERA MEDICAL GROUP VERDIGRE,RURALHC,Essink Brandon J MD
AVERA MEDICAL GROUP VERDIGRE,RURALHC,Fullner-Marshall Melissa A PAC
AVERA MEDICAL GROUP VERDIGRE,RURALHC,Morse Ronald P MD
AVERA MEDICAL GROUP VOLGA,FM,King Rodney PA-C
AVERA MEDICAL GROUP WINDOM,FM,Dynes Rodney W MD
AVERA MEDICAL GROUP WINDOM,FM,Kelley Jessica
AVERA MEDICAL GROUP WINDOM,FM,Norby Brenda J PA-C
AVERA MEDICAL GROUP WINDOM,FM,Olson Mary L MD
AVERA MEDICAL GROUP WINDOM,FMNP,Beitzel Suzanne M ARNP
AVERA MEDICAL GROUP WINDOM,FMNP,Dumas Heidi D NP-C
AVERA MEDICAL GROUP WINDOM,FMPA,Schleuder Juliann M PA
AVERA MEDICAL GRP ESTHERVILLE,FM,Asman Randy C MD
AVERA MEDICAL GRP ESTHERVILLE,FM,Cook Anthony F MD
AVERA MEDICAL GRP ESTHERVILLE,FM,Creech James C MD
AVERA MEDICAL GRP ESTHERVILLE,FM,Henley Brandon J DO
AVERA MEDICAL GRP ESTHERVILLE,FM,Hranac Robert S MD
AVERA MEDICAL GRP ESTHERVILLE,FM,Probst Keith L MD
AVERA MEDICAL GRP ESTHERVILLE,FM,Richardson Chelsea M PA-C
AVERA MEDICAL GRP ESTHERVILLE,FM,Stangl Douglas V MD
AVERA MEDICAL GRP ESTHERVILLE,PA,Letner Lori L PA
AVERA MEDICAL GRP ESTHERVILLE,PA,McLeod Ashlea J PA
AVERA MEDICAL GRP ESTHERVILLE,PA,Merrill Jolene PA-C
AVERA MEDICAL GRP HEM & BMT,HEMONC,Andersen Emily H CNP
AVERA MEDICAL GRP HEM & BMT,HEMONC,Galal Ahmed MD
AVERA MEDICAL GRP HEM & BMT,HEMONC,Hurley Kristen D CNP
AVERA MEDICAL GRP HEM & BMT,HEMONC,Krie Amy K MD
AVERA MEDICAL GRP HEM & BMT,HEMONC,Leyland-Jones Brian MB BS PhD
AVERA MEDICAL GRP HEM & BMT,HEMONC,McCaul Kelly G MD
AVERA MEDICAL GRP HEM & BMT,HEMONC,Medlin Stephen C DO
AVERA MEDICAL GRP HEM & BMT,HEMONC,Parameswaran R Vinod MD
AVERA MEDICAL GRP HEM & BMT,HEMONC,Smart Tammie V CNP
AVERA MEDICAL GRP HEM & BMT,HEMONC,Walker Adam R CNP
AVERA MEDICAL GRP HOSPITALISTS,FM,Knutson Tricia L MD
AVERA MEDICAL GRP HOSPITALISTS,FM,Termaat Jill C MD
AVERA MEDICAL GRP HOSPITALISTS,HOSPT,Arenas Carlito G MD
AVERA MEDICAL GRP HOSPITALISTS,HOSPT,Beshai Emad F MD
AVERA MEDICAL GRP HOSPITALISTS,HOSPT,Bigner Dori R MD
AVERA MEDICAL GRP HOSPITALISTS,HOSPT,Billion Stephen P MD
AVERA MEDICAL GRP HOSPITALISTS,HOSPT,Boer Brian D MD
AVERA MEDICAL GRP HOSPITALISTS,HOSPT,Brevik Andrew K DO
AVERA MEDICAL GRP HOSPITALISTS,HOSPT,Burchett Andrew W DO
AVERA MEDICAL GRP HOSPITALISTS,HOSPT,Eid Wael E MD
AVERA MEDICAL GRP HOSPITALISTS,HOSPT,Elaprolu Kishore MD
AVERA MEDICAL GRP HOSPITALISTS,HOSPT,Emerson Becky J PA-C
AVERA MEDICAL GRP HOSPITALISTS,HOSPT,Evjen Amy N MD
AVERA MEDICAL GRP HOSPITALISTS,HOSPT,Frost Melinda J CNP
AVERA MEDICAL GRP HOSPITALISTS,HOSPT,Gonzalez Therese F MD
AVERA MEDICAL GRP HOSPITALISTS,HOSPT,Huckins Scott J MD
AVERA MEDICAL GRP HOSPITALISTS,HOSPT,Jacobson Erik R DO
AVERA MEDICAL GRP HOSPITALISTS,HOSPT,Jares Tyler M MD
AVERA MEDICAL GRP HOSPITALISTS,HOSPT,Kasireddy Krishna K MD
AVERA MEDICAL GRP HOSPITALISTS,HOSPT,Kindelspire Derek G MD
AVERA MEDICAL GRP HOSPITALISTS,HOSPT,Kovaleski David H MD
AVERA MEDICAL GRP HOSPITALISTS,HOSPT,Lal Yasir MD
AVERA MEDICAL GRP HOSPITALISTS,HOSPT,Liu Editha A MD
AVERA MEDICAL GRP HOSPITALISTS,HOSPT,McKay Jennifer M MD
AVERA MEDICAL GRP HOSPITALISTS,HOSPT,McNamee Turi A MD
AVERA MEDICAL GRP HOSPITALISTS,HOSPT,Miller Nathan J MD
AVERA MEDICAL GRP HOSPITALISTS,HOSPT,Moncur Latonia J MD
AVERA MEDICAL GRP HOSPITALISTS,HOSPT,Mudundi Ashok K MD
AVERA MEDICAL GRP HOSPITALISTS,HOSPT,Murunga Eric M MD
AVERA MEDICAL GRP HOSPITALISTS,HOSPT,Muthu Krishnakumar R MD
AVERA MEDICAL GRP HOSPITALISTS,HOSPT,Nelson Richard A MD
AVERA MEDICAL GRP HOSPITALISTS,HOSPT,Nussbaum David K MD
AVERA MEDICAL GRP HOSPITALISTS,HOSPT,Odunukan Olufunso W MD
AVERA MEDICAL GRP HOSPITALISTS,HOSPT,Rees Joseph G DO
AVERA MEDICAL GRP HOSPITALISTS,HOSPT,Rowekamp Troy A DO
AVERA MEDICAL GRP HOSPITALISTS,HOSPT,Shinozaki Eri MD
AVERA MEDICAL GRP HOSPITALISTS,HOSPT,Stars Lorenzo L MD
AVERA MEDICAL GRP HOSPITALISTS,HOSPT,Sturm Tamera L DO
AVERA MEDICAL GRP HOSPITALISTS,HOSPT,Tobin Michael D MD
AVERA MEDICAL GRP HOSPITALISTS,HOSPT,Wasekar Chetan J MD
AVERA MEDICAL GRP HOSPITALISTS,NP,Duncan Rhonda J CNP
AVERA MEDICAL GRP SPENCER,FM,Creswell Ronald J MD
AVERA MEDICAL GRP SPENCER,FM,Dvorak Brian J MD
AVERA MEDICAL GRP SPENCER,FM,Feldmann Bruce A MD
AVERA MEDICAL GRP SPENCER,FM,Hicks Jamie ARNP
AVERA MEDICAL GRP SPENCER,FM,Hilsabeck John E MD
AVERA MEDICAL GRP SPENCER,FM,Horsley Maureen CNP
AVERA MEDICAL GRP SPENCER,FM,Hunziker Kenneth R MD
AVERA MEDICAL GRP SPENCER,FM,Keith David DO
AVERA MEDICAL GRP SPENCER,FM,Kerrick Hilary L DO
AVERA MEDICAL GRP SPENCER,FM,Kolacia-Tighe Sherry L MD
AVERA MEDICAL GRP SPENCER,FM,Meyer Nathaniel A MD
AVERA MEDICAL GRP SPENCER,FM,Olberding Carol A PA-C
AVERA MEDICAL GRP SPENCER,FM,Peterson Jeffry R DO
AVERA MEDICAL GRP SPENCER,FM,Potrament Natalie L CNP
AVERA MEDICAL GRP SPENCER,FM,Reser James A PA-C
AVERA MEDICAL GRP SPENCER,FM,Robison David P DO
AVERA MEDICAL GRP SPENCER,FM,Sather Sonia A MD
AVERA MEDICAL GRP SPENCER,FM,Stille Ryan B MD
AVERA MEDICAL GRP SPENCER,FM,Terrell Susan ARNP
AVERA MEDICAL GRP SPENCER,FM,Witt Travis J MD
AVERA MEDICAL GRP SPENCER,FM,Young Amanda E DO
AVERA REHAB PHYSICIANS,PHYSMED,Winn William B DO
AVERA SALEM FAMILY MEDICAL CLI,IM,Malters David T MD
AVERA SALEM FAMILY MEDICAL CLI,IM,Malters Patricia B MD
AVERA ST BENEDICT RHC,FM,Batoon Nelson G MD
AVERA ST BENEDICT RHC,FM,Bell Christopher L MD  RES
AVERA ST BENEDICT RHC,FM,Brink Darin R MD
AVERA ST BENEDICT RHC,FM,Burns Joanna M MD
AVERA ST BENEDICT RHC,FM,Camp Samuel T MD
AVERA ST BENEDICT RHC,FM,Dejong Paul W MD
AVERA ST BENEDICT RHC,FM,Dunn Joel E DO
AVERA ST BENEDICT RHC,FM,Fligge Pastel A MD
AVERA ST BENEDICT RHC,FM,Hanssen Kimberly A MD
AVERA ST BENEDICT RHC,FM,Hinker Nathan CNP
AVERA ST BENEDICT RHC,FM,Moke Rebecca J CNP
AVERA ST BENEDICT RHC,FM,Peterson Scott N MD
AVERA ST BENEDICT RHC,FM,Schaefer Mary K PAC
AVERA ST BENEDICT RHC,FM,Schroeder Beth A PAC
AVERA ST BENEDICT RHC,FM,Seurer Joseph J MD
AVERA ST BENEDICT RHC,FM,Skliris Demetre P MD
AVERA ST BENEDICT RHC,FM,Skretvedt John P MD
AVERA ST BENEDICT RHC,FM,Thury Chad R DO
AVERA ST BENEDICT RHC,FM,VANDERPOL ANTOINETTE J MD
AVERA ST BENEDICT RHC,FM,Wagner Joni L PAC
AVERA ST BENEDICT RHC,FM,Wheatley Elizabeth J MD
AVERA ST BENEDICT RHC,RURALHC,Honke Richard W II MD
AVERA ST BENEDICT RHC,RURALHC,PEITZ MICHELE L PAC
AVERA ST BENEDICT RHC,RURALHC,SCHERR CANDYCE J PAC
AVERA ST BENEDICT RHC,RURALHC,Weber Lindsay R CNP
AVERA ST BENEDICT RHC,RURALHC,Wickersham Jason W MD
AVERA ST BENEDICT RHC,UROLOGY,Boudreau Joseph R MD
AVERA ST JOSEPH CLINIC,IM,Malters David T MD
AVERA ST LUKES FASTCARE SHOPKO,FM,Harry Eric PA-C
AVERA ST LUKES FASTCARE SHOPKO,FM,Pallesen Cynthia CNP
AVERA ST LUKES FASTCARE SHOPKO,FM,Stevahn Amy I CNP
AVERA URGENT CARE,FM,Thurman Jessica M PA-C
AVERA URGENT CARE,FM,Zieske Richard E PA-C
AVERA WSC DIET,DIET,Saxton Peggy
AVERA WSC FAM MED,FM,Barnard Vaughn N Jr  MD
AVERA WSC FAM MED,FM,Cooper Gregory A MD
AVERA WSC FAM MED,FM,Cryer Victoria J NP
AVERA WSC FAM MED,FM,Everding Kristine
AVERA WSC FAM MED,FM,Foster Larry D DO
AVERA WSC FAM MED,FM,Friesen Catherine CNP
AVERA WSC FAM MED,FM,Gunda Arun MD
AVERA WSC FAM MED,FM,Khouri Grace N MD
AVERA WSC FAM MED,FM,Martins Greta M NP
AVERA WSC FAM MED,FM,McBratnie Carol A NP
AVERA WSC FAM MED,FM,Nalla Sundara C
AVERA WSC FAM MED,FM,Peralta Raphael
AVERA WSC FAM MED,FM,Reveron Ivan J MD
AVERA WSC FAM MED,FM,Wolk Norman M  MD
AVERA WSC GEN SURG,DENTIST,Potaczek Karen K DDS
AVERA WSC GEN SURG,DENTIST,Synhorst John B II  DDS
AVERA WSC GEN SURG,GENSUR,Fradkin Kevin D. MD
AVERA WSC GEN SURG,GENSUR,Harris James D
AVERA WSC GEN SURG,GENSUR,Kremer Glenn D CRNA
AVERA WSC GEN SURG,GENSUR,Morrison Connie L
AVERA WSC GEN SURG,GENSUR,Willems Ryan
AVERA WSC GEN SURG,MEDONC,Elson David L MD
AVERA WSC GEN SURG,ORTHO,Alvine Gregory F MD
AVERA WSC GEN SURG,ORTHO,Kalo Jeffrey S DO
AVERA WSC GEN SURG,ORTHO,Liddell Travis R MD
AVERA WSC INT MED,ENT,Kasznica Peter P
AVERA WSC INT MED,FM,Irani Sohrab R MD
AVERA WSC INT MED,IM,Arain Faisal A MD
AVERA WSC INT MED,IM,Clark Gregory J
AVERA WSC INT MED,IM,Colville David S MD
AVERA WSC INT MED,IM,Eldridge Kenneth R MD
AVERA WSC INT MED,IM,Gould Barbara L MD
AVERA WSC INT MED,IM,Halligan Sean C MD  FACC
AVERA WSC INT MED,IM,Hibbard Michael D MD  FACC
AVERA WSC INT MED,IM,Konkimalla Sridevi MD
AVERA WSC INT MED,IM,Solberg-Daniels Deidre J MD
AVERA WSC INT MED,IM,Sudmeier Richard D
AVERA WSC INT MED,IM,Swanson Gerald E MD
AVERA WSC INT MED,IM,Towne Keith A MD
AVERA WSC INT MED,IM,Trites Paul N MD
AVERA WSC INT MED,IM,Tucker Ross M MD
AVERA WSC INT MED,IM,Tushabe Racheal MD
AVERA WSC OB/GYN,OBGYN,Cain Jeffrey L MD
AVERA WSC OB/GYN,OBGYN,Campian Eugen C MD
AVERA WSC OB/GYN,OBGYN,Denson Marilyn J MD
AVERA WSC OB/GYN,OBGYN,Farra Firas A
AVERA WSC OB/GYN,OBGYN,Hemphill Denise S ARNP
AVERA WSC OB/GYN,OBGYN,Mitchell David J MD
AVERA WSC OB/GYN,OBGYN,Obi Gregory C MD
AVERA WSC OB/GYN,OBGYN,Schultis Tristan R MD
AVERA WSC OB/GYN,OBGYN,Smidt Katherine E CNM
AVERA WSC OB/GYN,OBGYN,Sudmeier Suzanne
AVERA WSC PEDS,PEDS,Bardan Bassel
AVERA WSC PEDS,PEDS,Dygulski Krzysztof P MD
AVERA WSC PEDS,PEDS,Hodge Roy P MD
AVERA WSC PEDS,PEDS,Kreit Nadia I MD  FAAP  PLLC
AVERA WSC PEDS,PEDS,Levy David MD
AVERA WSC PEDS,PEDS,Ludes Mark F
AVERA WSC PEDS,PEDS,Murdock David K MD
AVERA WSC PEDS,PEDS,Rigby Judy A
AVERA WSC PEDS,PEDS,Rigby Judy A MD
AVERA WSC PSYC,PHYSIATRY,Linsenmeyer Julie A
AVERA WSC PSYC,PSYC,Carlson Rolf
BLOOMFIELD MEDICAL CLINIC  PC,FM,Eckmann Riley G MD
BLOOMFIELD MEDICAL CLINIC  PC,FM,Lauck Kevin D
BLOOMFIELD MEDICAL CLINIC  PC,FM,Morse Ronald P
BLOOMFIELD MEDICAL CLINIC  PC,FM,Morse Ronald P MD
BLOOMFIELD MEDICAL CLINIC  PC,FM,Nagengast Sunny L
BON HOMME FAMILY PRACTICE,FM,Boudreau Joseph R MD
BON HOMME FAMILY PRACTICE,FM,Boyd Rock F MD
BON HOMME FAMILY PRACTICE,FM,Saloum Herbert A MD
BON HOMME FAMILY PRACTICE,FM,WALLINGA MELVIN L MD
BON HOMME FAMILY PRACTICE,FM,Wallinga Melvin L MD
BON HOMME FAMILY PRACTICE,PA,Ranek Lori PAC
DAKOTA FAMILY MEDICAL CENTER,FM,Fuhrer Caroline M PAC
DAKOTA FAMILY MEDICAL CENTER,FM,Herber Matt E MD
DAKOTA FAMILY MEDICAL CENTER,FM,Jacobs Tad B DO
DAKOTA FAMILY MEDICAL CENTER,FM,Konstanz Jeff PA
DAKOTA FAMILY MEDICAL CENTER,FM,Nemer Raymond G MD
DAKOTA FAMILY MEDICAL CENTER,FM,Ottenbacher Eric D PA
DAKOTA FAMILY MEDICAL CENTER,FM,Palmer Ryan M PA
DAKOTA FAMILY MEDICAL CENTER,FM,Prasek Joseph P MD
DAKOTA FAMILY MEDICAL CENTER,FM,Schroeder Renee C DO
DAKOTA FAMILY MEDICAL CENTER,FMNP,Klein Sara K CNP
EDGERTON FAMILY CLINIC,FM,Beckering Roland G MD
EDGERTON FAMILY CLINIC,FM,Kocourek Bruce W DO
EDGERTON FAMILY CLINIC,FMPA,Woldt Daniel R PA
GERIATRIC MEDICINE,IM,Bushen Oluma Y MD
GRAHAM EAR  NOSE & THROAT P.C.,ENT,Graham William N DO
HEC FAMILY MEDICINE,FM,Eyjolfson Grant W MD
HEC FAMILY MEDICINE,FM,Hinton Charles L MD
HEC FAMILY MEDICINE,FM,Lis Tomasz P MD
HEC FAMILY MEDICINE,FM,McCluskey Tabb DO
HEC FAMILY MEDICINE,FMNP,Browning Debra CFNP
HEC FAMILY MEDICINE,FMNP,Cameron Julie A CNP
HEGG MEDICAL CLINIC,FM,Engbers Jonathan H MD
HEGG MEDICAL CLINIC,FM,Greene Denise D MD
HEGG MEDICAL CLINIC,FM,Kamstra Bradley D DO
HEGG MEDICAL CLINIC,FM,Post Kevin J DO
HEGG MEDICAL CLINIC,FM,Sanderson Paula M ARNP
HEGG MEDICAL CLINIC,FM,VanPeursem Gregory S PA-C
IVANHOE FAMILY MEDICINE,FM,Eyjolfson Grant W MD
IVANHOE FAMILY MEDICINE,FM,Lis Tomasz P MD
IVANHOE FAMILY MEDICINE,FM,McCluskey Tabb DO
IVANHOE FAMILY MEDICINE,FMNP,Browning Debra CFNP
IVANHOE FAMILY MEDICINE,FMNP,Cameron Julie A CNP
JASPER FAMILY CLINIC,FM,Beckering Roland G MD
JASPER FAMILY CLINIC,FM,Thoreson Heidi M PAC
MARSHALL COUNTY MEDICAL CLINIC,FM,Bartlett Jackie PA-C
MARSHALL COUNTY MEDICAL CLINIC,FM,Kleinberg David MD
MARSHALL COUNTY MEDICAL CLINIC,FM,Purintun Scott MD
MARSHALL COUNTY MEDICAL CNT,FM,Bartlett Jackie PA-C
MIDWEST PSYCH MIDLEVEL,PSYC,Greguson-Lund Lezlee A
MIDWEST PSYCH MIDLEVEL,PSYC,Knoflicek William PHD
MIDWEST PSYCH MIDLEVEL,PSYC,McNeil Patrick M MSW
MIDWEST PSYCH MIDLEVEL,PSYC,Sweatman Connie PSYD
MIDWEST PSYCH MIDLEVEL,PSYC,Withorne-Maloney Laura R CNP
MIDWEST PSYCH PHYSICIAN,PHYSIATRY,Sorensen Tony PSY.D.
MIDWEST PSYCH PHYSICIAN,PSYC,Amiotte Lisa C MD
MIDWEST PSYCH PHYSICIAN,PSYC,Bahnson Berne B MD
MIDWEST PSYCH PHYSICIAN,PSYC,Schneider Scott A MD
MSC FAMILY MEDICINE,FM,Echols Simpson Alexandria C.
MSC FAMILY MEDICINE,FM,Lang Carol L DO
MSC FAMILY MEDICINE,FM,Parr Terence J MD
MSC FAMILY MEDICINE,FMNP,Hansen Heidi A. CNP
MSC FAMILY MEDICINE,FMNP,Moriarty Jessica J. CNP
MSC GENERAL SURGERY,GENSUR,Cassidy Scott A MD
MSC GENERAL SURGERY,GENSUR,Durst Edward F MD
MSC GENERAL SURGERY,GENSUR,Fradkin Kevin D. MD
MSC GENERAL SURGERY,GENSUR,Guerra Cristina L. MD
MSC GENERAL SURGERY,GENSUR,Kovacev Ted A. MD
MSC GENERAL SURGERY,GENSUR,Saites Constantine G MD
MSC GENERAL SURGERY,GENSUR,Salcedo Dovi Hector DO  PA
MSC GENERAL SURGERY,GENSUR,Thaemert Bradley C MD
MSC GENERAL SURGERY,GENSUR,Twynham Crystal U MD
MSC HOSPITALIST,HOSPT,Barry Melissa M. MD
MSC HOSPITALIST,HOSPT,Jerome Peter S. MD
MSC HOSPITALIST,HOSPT,Staley Jennings R. MD
MSC INTERNAL MEDICINE,IM,Botic Julijana MD
MSC INTERNAL MEDICINE,IM,Friedell Peter E. MD
MSC INTERNAL MEDICINE,IM,Kittur Jaya MD
MSC INTERNAL MEDICINE,IM,Loes Michael W. MD
MSC INTERNAL MEDICINE,IM,Musty Michael O. MD
MSC INTERNAL MEDICINE,IM,Staley Jennings R. MD
MSC OB/GYN,OBGYN,Bloemker Bradley K MD  PHD
MSC ORTHOPEDICS,ORTHO,Chatrath Vikram MD
MSC ORTHOPEDICS,ORTHO,Johnson Laura A PA-C
MSC PEDS,PEDS,Anim Samuel O MD
MSC PEDS,PEDS,Arndt Peter M MD
MSC PEDS,PEDS,Bartling Melissa J MD
MSC PEDS,PEDS,Freitag Lisa C. MD
MSC PEDS,PEDS,Hanna Sahar G MD
MSC PEDS,PEDS,Hindbjorgen Timothy W. MD
MSC PEDS,PEDS,Maalouli Walid M. MD
MSC PEDS,PEDS,Medford Beth A. MD
MSC PEDS,PEDS,Picasso Jodi C. MD
MSC PEDS,PEDS,Rudnik Volha MD
MSC PEDS,PEDS,Teodorescu Matei MD
MSC PEDS,PEDS,Tucker Stephanie L MD
MSC PEDS,PEDS,Wu Clifford L MD
NCH ELECTROPHYSIOLOGY,CARDIO,Adams Jonathon C MD
NCH ELECTROPHYSIOLOGY,CARDIO,Mohama Riyad MD
NCH ELECTROPHYSIOLOGY,CARDIO,Olson Paul J MD
NORTH CENTRAL HEART CARDIOLOGY,CARDIO,Allen Raymond H MD  FACC
NORTH CENTRAL HEART CARDIOLOGY,CARDIO,Carpenter Paul L MD  FACC
NORTH CENTRAL HEART CARDIOLOGY,CARDIO,Fausch Mark D MD
NORTH CENTRAL HEART CARDIOLOGY,CARDIO,Gaeckle Thomas MD  FACC
NORTH CENTRAL HEART CARDIOLOGY,CARDIO,Gordon Mark R MD
NORTH CENTRAL HEART CARDIOLOGY,CARDIO,Halligan Sean C MD
NORTH CENTRAL HEART CARDIOLOGY,CARDIO,Hibbard Michael D FACC  MD
NORTH CENTRAL HEART CARDIOLOGY,CARDIO,Mahrous Tarek H MD
NORTH CENTRAL HEART CARDIOLOGY,CARDIO,Moench Jerry L MD  FACC
NORTH CENTRAL HEART CARDIOLOGY,CARDIO,Nagelhout David A MD  FACC
NORTH CENTRAL HEART CARDIOLOGY,CARDIO,Paa Christopher J MD
NORTH CENTRAL HEART CARDIOLOGY,CARDIO,Rand Elden R MD
NORTH CENTRAL HEART CARDIOLOGY,CARDIO,Scott Jeremy W MD
NORTH CENTRAL HEART CARDIOLOGY,CARDIO,Vonk Galen N MD  FACC
NORTH CENTRAL HEART CARDIOLOGY,CARDIO,Watt Bruce A FACC  MD
NORTH CENTRAL HEART MIDLEVELS,CARDIO,Doom-Anderson Lisa C CNP
NORTH CENTRAL HEART MIDLEVELS,CARDIO,Gibson Nicole A CNP
NORTH CENTRAL HEART MIDLEVELS,CARDIO,Wasko Kelly CNP
NORTH CENTRAL HEART SURGERY,CARDIO,Andreone Peter A MD  FACS
NORTH CENTRAL HEART SURGERY,CARDIO,Feldhaus Steven J MD
NORTH CENTRAL HEART SURGERY,CARDIO,Meyer Paul E MD
NORTH CENTRAL HEART SURGERY,CARDIO,Ofstein Lewis C MD
NORTH CENTRAL HEART SURGERY,CARDIO,Reynolds Tommy R MD  FACS
NORTH CENTRAL HEART VASCULAR,CARDIO,Bacharach J Michael MD
NORTH CENTRAL HEART VASCULAR,CARDIO,Weiss Dustin J MD
OLEGARIO MEDICAL CLINIC,IM,Olegario Jonathan C MD
OPTOMETRY,OPHTH,Bollman Jacob P. OD
OPTOMETRY,OPHTH,Heuer Tyler J OD
PIPESTONE FAMILY CLINIC,FM,Beckering Roland G MD
PIPESTONE FAMILY CLINIC,FM,Christensen Larry D MD
PIPESTONE FAMILY CLINIC,FM,Cooper Gregory A MD
PIPESTONE FAMILY CLINIC,FM,Kocourek Bruce W DO
PIPESTONE FAMILY CLINIC,FM,Lastine Michael L MD
PIPESTONE FAMILY CLINIC,FM,Sash Cindy A PA-C
PIPESTONE FAMILY CLINIC,FM,Thoreson Heidi M PAC
PIPESTONE FAMILY CLINIC,FM,Viel Matt D MD
PIPESTONE FAMILY CLINIC,FM,Zephier Myles F DO
PIPESTONE FAMILY CLINIC,FMPA,Woldt Daniel R PA
PIPESTONE FAMILY CLINIC OBGYN,OBGYN,Harms Brooke N DO
PIPESTONE FAMILY CLINIC ORTHO,FM,Lusardi Dean A MD
PIPESTONE FAMILY CLINIC SURG,GENSUR,Devaraj K Theodore MD  FACS
PIPESTONE FAMILY CLINIC SURG,GENSUR,Harms Nicholas J MD
PLATTE MEDICAL GROUP,FM,Veurink Pamela A PA-C
PLATTE MEDICAL GROUP,RURALHC,Bentz Jerome W MD
PLATTE MEDICAL GROUP,RURALHC,Hubley Robert L DO
REDFIELD CLINIC,FM,Meaney Trevor A MD
REDFIELD CLINIC,FM,Morris Mary  MD
REDFIELD CLINIC,FM,Munce Lynette  PA-C
REDFIELD CLINIC,FM,Owens Matthew P  MD
REDFIELD CLINIC,FM,Rude Nancy A PA-C
REDFIELD CLINIC,FM,Sula Dennis  MD
REDFIELD CLINIC,FM,Wren Kristine  MD
REDFIELD CLINIC,FM,Wren Ronald PA-C
SIOUX CENTER MEDICAL CLINIC,FM,Andersen LoriAnne MD
SIOUX CENTER MEDICAL CLINIC,FM,Clemens Robert M MD
SIOUX CENTER MEDICAL CLINIC,FM,Jongewaard Richard A MD
SIOUX CENTER MEDICAL CLINIC,FM,Kleinhesselink Jeanne A CNP
SIOUX CENTER MEDICAL CLINIC,FM,Koelewyn Jason R MD
SIOUX CENTER MEDICAL CLINIC,FM,Lassen Belinda CNM  RN
SIOUX CENTER MEDICAL CLINIC,FM,Rayborn M Yvonne MD
SIOUX CENTER MEDICAL CLINIC,FM,Rens Scott MD
SIOUX CENTER MEDICAL CLINIC,FM,Van Es Gerald L MD
SIOUX CENTER MEDICAL CLINIC,FM,Vitamvas Jamie J MD
SIOUX CENTER MEDICAL CLINIC,FMNP,Hooyer Anne P ARNP
SIOUX CENTER MEDICAL CLINIC,GENSUR,Cao Jian-Zhe MD
SURGICAL INSTITUTE OF SOUTH DA,DIET,Townsend Melissa L RD
SURGICAL INSTITUTE OF SOUTH DA,GENSUR,Baker Scott L MD  FACS  FASCRS
SURGICAL INSTITUTE OF SOUTH DA,GENSUR,Bauer Michael S MD
SURGICAL INSTITUTE OF SOUTH DA,GENSUR,Merrigan Tricia L MD
SURGICAL INSTITUTE OF SOUTH DA,GENSUR,Nichols Rebecca A CNP
SURGICAL INSTITUTE OF SOUTH DA,GENSUR,Person Michael A MD
SURGICAL INSTITUTE OF SOUTH DA,GENSUR,Pollman Keeley M PA-C
SURGICAL INSTITUTE OF SOUTH DA,GENSUR,Schlichte Erin CNP
SURGICAL INSTITUTE OF SOUTH DA,GENSUR,Schmidt Darcie L FNP-BC
SURGICAL INSTITUTE OF SOUTH DA,GENSUR,Smith Gwen L PA-C
SURGICAL INSTITUTE OF SOUTH DA,GENSUR,Strand David A MD
SURGICAL INSTITUTE OF SOUTH DA,GENSUR,Thaemert Bradley C MD
SURGICAL INSTITUTE OF SOUTH DA,GENSUR,Wingert Donald J MD  FACS
UNIVERSITY PSYC MIDLEVEL,PSYC,Bergan Michael J MD  RES
UNIVERSITY PSYC MIDLEVEL,PSYC,Cummings Candice K LCSW  ISW
UNIVERSITY PSYC MIDLEVEL,PSYC,Erpenbach John CNP
UNIVERSITY PSYC MIDLEVEL,PSYC,Hofer Tracee A CNP
UNIVERSITY PSYC MIDLEVEL,PSYC,Holtberg Tomas L LPC
UNIVERSITY PSYC MIDLEVEL,PSYC,Keenan Georgia R LPC
UNIVERSITY PSYC MIDLEVEL,PSYC,Kohls Benjamin S LPC
UNIVERSITY PSYC MIDLEVEL,PSYC,Kuiper Garneth CNP
UNIVERSITY PSYC MIDLEVEL,PSYC,Lafollette Grace A CNP
UNIVERSITY PSYC MIDLEVEL,PSYC,Oehlke Karl K PA-C
UNIVERSITY PSYC MIDLEVEL,PSYC,Peynado Sandra M MD  RES
UNIVERSITY PSYC MIDLEVEL,PSYC,Spicero Constance L EDD
UNIVERSITY PSYC MIDLEVEL,PSYC,Wilson Brian A. DO
UNIVERSITY PSYC PHYSICIAN,PSYC,Andre Kent D MD
UNIVERSITY PSYC PHYSICIAN,PSYC,Bean David W SR  MD
UNIVERSITY PSYC PHYSICIAN,PSYC,Bhatara Vinod S MD
UNIVERSITY PSYC PHYSICIAN,PSYC,Cavanaugh D Susan
UNIVERSITY PSYC PHYSICIAN,PSYC,Chester-Adam Heather K MD
UNIVERSITY PSYC PHYSICIAN,PSYC,Christenson Nicole A MD
UNIVERSITY PSYC PHYSICIAN,PSYC,Davidson Chris M MD
UNIVERSITY PSYC PHYSICIAN,PSYC,Flynn Sarah A MD
UNIVERSITY PSYC PHYSICIAN,PSYC,Fuller William C MD
UNIVERSITY PSYC PHYSICIAN,PSYC,Gammeter W Bryce MD
UNIVERSITY PSYC PHYSICIAN,PSYC,Grace-Cruz Elizabeth A MD
UNIVERSITY PSYC PHYSICIAN,PSYC,Gunderson Beverly J EDD
UNIVERSITY PSYC PHYSICIAN,PSYC,Hanley Christopher G MD
UNIVERSITY PSYC PHYSICIAN,PSYC,Hanson Hillary L MD
UNIVERSITY PSYC PHYSICIAN,PSYC,Hasseler Kenneth D PhD
UNIVERSITY PSYC PHYSICIAN,PSYC,Hylland David EDD
UNIVERSITY PSYC PHYSICIAN,PSYC,Jackmon Wallace J PhD
UNIVERSITY PSYC PHYSICIAN,PSYC,Kuntz Carol PSYD
UNIVERSITY PSYC PHYSICIAN,PSYC,Malone Matthew T DO
UNIVERSITY PSYC PHYSICIAN,PSYC,Mazurczak Wioleta E MD
UNIVERSITY PSYC PHYSICIAN,PSYC,McDougall Matt MD  RES
UNIVERSITY PSYC PHYSICIAN,PSYC,Nour Brenda M PhD
UNIVERSITY PSYC PHYSICIAN,PSYC,Powell Meredith B MD
UNIVERSITY PSYC PHYSICIAN,PSYC,Reiners Michael N MD
UNIVERSITY PSYC PHYSICIAN,PSYC,Soundy Timothy J MD
UNIVERSITY PSYC PHYSICIAN,PSYC,Spanggaard Melissa K DO
UNIVERSITY PSYC PHYSICIAN,PSYC,Stanley Matthew DO
UNIVERSITY PSYC PHYSICIAN,PSYC,Vaca Anthony M MD
UNIVERSITY PSYC PHYSICIAN,PSYC,VanGerpen Shawn D MD
UNIVERSITY PSYC PHYSICIAN,PSYC,Vik Tamara L MD
UNIVERSITY PSYC PHYSICIAN,PSYC,Walsh Michael MD  RES
UNIVERSITY PSYC PHYSICIAN,PSYC,Weatherill Jay E MD
UNIVERSITY PSYC PHYSICIAN,PSYC,Wilson Nancy L MD
UNIVERSITY PSYC PHYSICIAN,PSYCHOLOGY,Bhattacharya Debanjana MD  RES
UNIVERSITY PSYC PHYSICIAN,PSYCHOLOGY,Hess Douglas J DO  RES
UNIVERSITY PSYC PHYSICIAN,PSYCHOLOGY,Meek Steven J MD  RES
UNIVERSITY PSYC PHYSICIAN,PSYCHOLOGY,Nuss Robert F MD  RES
UNIVERSITY PSYC PHYSICIAN,PSYCHOLOGY,Rahm Nathan D MD  RES
UNIVERSITY PSYC PHYSICIAN,PSYCNEURO,Eggers Matthew D MD
WAGNER COMMUNITY CLINIC,FM,Mian Uzma A MD
WAGNER COMMUNITY CLINIC,FM,Neubauer Jo M MD
WAGNER COMMUNITY CLINIC,FM,Pinter Jeffrey D MD
WAGNER COMMUNITY CLINIC,FMNP,Barthel Lindsey A CNP
WAGNER COMMUNITY CLINIC,GERIATRIC,Qazi Abdul Sami MD
WAGNER EAR NOSE & THROAT,ENT,Birkley Dwight L PA
WAGNER EAR NOSE & THROAT,ENT,Hadden Colette M AuD
WAGNER EAR NOSE & THROAT,ENT,Wagner David V MD
YANKTON BONE  JOINT & SPORTS,ORTHO,Frerk Jim A PAC
YANKTON BONE  JOINT & SPORTS,ORTHO,Johnson Daniel C MD
YANKTON BONE  JOINT & SPORTS,ORTHO,Neilson Doug D MD
YANKTON BONE  JOINT & SPORTS,ORTHO,Verdun Mark DO
